timeStamp,actualTime(ms),compr1Data,compr2Data,ejectData,precompData,compr1PunchNo,compr2PunchNo,ejectPunchNo,precompPunchNo,Punch1-Sticking,Punch2-Sticking,Punch3-Sticking,Punch4-Sticking,Punch5-Sticking,Punch6-Sticking,Punch7-Sticking,Punch8-Sticking,PressName,PunchType,HeadFlatRadius,RimRadius,NumberOfStations,NumberOfSides,MaxTabletRate,Layers,MainCompRollerRadius1,MainCompRollerRadius2,MainCompRollerRadius3,TurretPitchCircleRadius,PreCompRollerRadius,AngleBetweenPreAndMain,AngleBetweenMainAndEject,EjectionAngle,TurretSpeed,FeederType,FeederSpeed,MaterialsInformation
70508000,2025-05-24T11:46:11.508,0,0,563,209,0,0,0,7,0,0,0,3,0,0,0,0,Piccola Classic,IPT(TSM)-D,,,8,,,Single,,,,,,,,,30,Agitating,10,Diluent - Starch:99.90%;Lubricant - Magnesium Stearate:0.10%
70510000,2025-05-24T11:46:11.510,0,0,597,211,0,0,0,7,0,0,0,3,0,0,0,0,Piccola Classic,IPT(TSM)-D,,,8,,,Single,,,,,,,,,30,Agitating,10,Diluent - Starch:99.90%;Lubricant - Magnesium Stearate:0.10%
70512000,2025-05-24T11:46:11.512,0,0,531,211,0,0,0,7,0,0,0,3,0,0,0,0,Piccola Classic,IPT(TSM)-D,,,8,,,Single,,,,,,,,,30,Agitating,10,Diluent - Starch:99.90%;Lubricant - Magnesium Stearate:0.10%
70514000,2025-05-24T11:46:11.514,0,0,595,223,0,0,0,7,0,0,0,3,0,0,0,0,Piccola Classic,IPT(TSM)-D,,,8,,,Single,,,,,,,,,30,Agitating,10,Diluent - Starch:99.90%;Lubricant - Magnesium Stearate:0.10%
70516000,2025-05-24T11:46:11.516,0,0,535,245,0,0,0,7,0,0,0,3,0,0,0,0,Piccola Classic,IPT(TSM)-D,,,8,,,Single,,,,,,,,,30,Agitating,10,Diluent - Starch:99.90%;Lubricant - Magnesium Stearate:0.10%
70518000,2025-05-24T11:46:11.518,0,0,544,234,0,0,0,7,0,0,0,3,0,0,0,0,Piccola Classic,IPT(TSM)-D,,,8,,,Single,,,,,,,,,30,Agitating,10,Diluent - Starch:99.90%;Lubricant - Magnesium Stearate:0.10%
70520000,2025-05-24T11:46:11.520,0,0,530,213,0,0,0,7,0,0,0,3,0,0,0,0,Piccola Classic,IPT(TSM)-D,,,8,,,Single,,,,,,,,,30,Agitating,10,Diluent - Starch:99.90%;Lubricant - Magnesium Stearate:0.10%
70522000,2025-05-24T11:46:11.522,0,0,531,240,0,0,0,7,0,0,0,3,0,0,0,0,Piccola Classic,IPT(TSM)-D,,,8,,,Single,,,,,,,,,30,Agitating,10,Diluent - Starch:99.90%;Lubricant - Magnesium Stearate:0.10%
70524000,2025-05-24T11:46:11.524,0,0,512,238,0,0,0,7,0,0,0,3,0,0,0,0,Piccola Classic,IPT(TSM)-D,,,8,,,Single,,,,,,,,,30,Agitating,10,Diluent - Starch:99.90%;Lubricant - Magnesium Stearate:0.10%
70526000,2025-05-24T11:46:11.526,0,0,530,209,0,0,0,7,0,0,0,3,0,0,0,0,Piccola Classic,IPT(TSM)-D,,,8,,,Single,,,,,,,,,30,Agitating,10,Diluent - Starch:99.90%;Lubricant - Magnesium Stearate:0.10%
70528000,2025-05-24T11:46:11.528,0,0,585,219,0,0,0,7,0,0,0,3,0,0,0,0,Piccola Classic,IPT(TSM)-D,,,8,,,Single,,,,,,,,,30,Agitating,10,Diluent - Starch:99.90%;Lubricant - Magnesium Stearate:0.10%
70530000,2025-05-24T11:46:11.530,0,0,530,227,0,0,0,7,0,0,0,3,0,0,0,0,Piccola Classic,IPT(TSM)-D,,,8,,,Single,,,,,,,,,30,Agitating,10,Diluent - Starch:99.90%;Lubricant - Magnesium Stearate:0.10%
70532000,2025-05-24T11:46:11.532,0,0,584,201,0,0,0,7,0,0,0,3,0,0,0,0,Piccola Classic,IPT(TSM)-D,,,8,,,Single,,,,,,,,,30,Agitating,10,Diluent - Starch:99.90%;Lubricant - Magnesium Stearate:0.10%
70534000,2025-05-24T11:46:11.534,0,0,592,205,0,0,0,7,0,0,0,3,0,0,0,0,Piccola Classic,IPT(TSM)-D,,,8,,,Single,,,,,,,,,30,Agitating,10,Diluent - Starch:99.90%;Lubricant - Magnesium Stearate:0.10%
70536000,2025-05-24T11:46:11.536,0,0,545,235,0,0,0,7,0,0,0,3,0,0,0,0,Piccola Classic,IPT(TSM)-D,,,8,,,Single,,,,,,,,,30,Agitating,10,Diluent - Starch:99.90%;Lubricant - Magnesium Stearate:0.10%
70538000,2025-05-24T11:46:11.538,0,0,522,203,0,0,0,7,0,0,0,3,0,0,0,0,Piccola Classic,IPT(TSM)-D,,,8,,,Single,,,,,,,,,30,Agitating,10,Diluent - Starch:99.90%;Lubricant - Magnesium Stearate:0.10%
70540000,2025-05-24T11:46:11.540,0,0,549,237,0,0,0,7,0,0,0,3,0,0,0,0,Piccola Classic,IPT(TSM)-D,,,8,,,Single,,,,,,,,,30,Agitating,10,Diluent - Starch:99.90%;Lubricant - Magnesium Stearate:0.10%
70542000,2025-05-24T11:46:11.542,0,0,560,226,0,0,0,7,0,0,0,3,0,0,0,0,Piccola Classic,IPT(TSM)-D,,,8,,,Single,,,,,,,,,30,Agitating,10,Diluent - Starch:99.90%;Lubricant - Magnesium Stearate:0.10%
70544000,2025-05-24T11:46:11.544,0,0,552,203,0,0,0,7,0,0,0,3,0,0,0,0,Piccola Classic,IPT(TSM)-D,,,8,,,Single,,,,,,,,,30,Agitating,10,Diluent - Starch:99.90%;Lubricant - Magnesium Stearate:0.10%
70546000,2025-05-24T11:46:11.546,0,0,545,249,0,0,0,7,0,0,0,3,0,0,0,0,Piccola Classic,IPT(TSM)-D,,,8,,,Single,,,,,,,,,30,Agitating,10,Diluent - Starch:99.90%;Lubricant - Magnesium Stearate:0.10%
70548000,2025-05-24T11:46:11.548,0,0,585,240,0,0,0,7,0,0,0,3,0,0,0,0,Piccola Classic,IPT(TSM)-D,,,8,,,Single,,,,,,,,,30,Agitating,10,Diluent - Starch:99.90%;Lubricant - Magnesium Stearate:0.10%
70550000,2025-05-24T11:46:11.550,0,0,537,238,0,0,0,7,0,0,0,3,0,0,0,0,Piccola Classic,IPT(TSM)-D,,,8,,,Single,,,,,,,,,30,Agitating,10,Diluent - Starch:99.90%;Lubricant - Magnesium Stearate:0.10%
70552000,2025-05-24T11:46:11.552,0,0,584,236,0,0,0,7,0,0,0,3,0,0,0,0,Piccola Classic,IPT(TSM)-D,,,8,,,Single,,,,,,,,,30,Agitating,10,Diluent - Starch:99.90%;Lubricant - Magnesium Stearate:0.10%
70554000,2025-05-24T11:46:11.554,0,0,574,231,0,0,0,7,0,0,0,3,0,0,0,0,Piccola Classic,IPT(TSM)-D,,,8,,,Single,,,,,,,,,30,Agitating,10,Diluent - Starch:99.90%;Lubricant - Magnesium Stearate:0.10%
70556000,2025-05-24T11:46:11.556,0,0,554,229,0,0,0,7,0,0,0,3,0,0,0,0,Piccola Classic,IPT(TSM)-D,,,8,,,Single,,,,,,,,,30,Agitating,10,Diluent - Starch:99.90%;Lubricant - Magnesium Stearate:0.10%
70558000,2025-05-24T11:46:11.558,0,0,573,214,0,0,0,7,0,0,0,3,0,0,0,0,Piccola Classic,IPT(TSM)-D,,,8,,,Single,,,,,,,,,30,Agitating,10,Diluent - Starch:99.90%;Lubricant - Magnesium Stearate:0.10%
70560000,2025-05-24T11:46:11.560,97,0,522,0,7,0,0,0,0,0,0,3,0,0,0,0,Piccola Classic,IPT(TSM)-D,,,8,,,Single,,,,,,,,,30,Agitating,10,Diluent - Starch:99.90%;Lubricant - Magnesium Stearate:0.10%
70562000,2025-05-24T11:46:11.562,107,0,595,0,7,0,0,0,0,0,0,3,0,0,0,0,Piccola Classic,IPT(TSM)-D,,,8,,,Single,,,,,,,,,30,Agitating,10,Diluent - Starch:99.90%;Lubricant - Magnesium Stearate:0.10%
70564000,2025-05-24T11:46:11.564,110,0,554,0,7,0,0,0,0,0,0,3,0,0,0,0,Piccola Classic,IPT(TSM)-D,,,8,,,Single,,,,,,,,,30,Agitating,10,Diluent - Starch:99.90%;Lubricant - Magnesium Stearate:0.10%
70566000,2025-05-24T11:46:11.566,98,0,508,0,7,0,0,0,0,0,0,3,0,0,0,0,Piccola Classic,IPT(TSM)-D,,,8,,,Single,,,,,,,,,30,Agitating,10,Diluent - Starch:99.90%;Lubricant - Magnesium Stearate:0.10%
70568000,2025-05-24T11:46:11.568,83,0,544,0,7,0,0,0,0,0,0,3,0,0,0,0,Piccola Classic,IPT(TSM)-D,,,8,,,Single,,,,,,,,,30,Agitating,10,Diluent - Starch:99.90%;Lubricant - Magnesium Stearate:0.10%
70570000,2025-05-24T11:46:11.570,108,0,596,0,7,0,0,0,0,0,0,3,0,0,0,0,Piccola Classic,IPT(TSM)-D,,,8,,,Single,,,,,,,,,30,Agitating,10,Diluent - Starch:99.90%;Lubricant - Magnesium Stearate:0.10%
70572000,2025-05-24T11:46:11.572,92,0,562,0,7,0,0,0,0,0,0,3,0,0,0,0,Piccola Classic,IPT(TSM)-D,,,8,,,Single,,,,,,,,,30,Agitating,10,Diluent - Starch:99.90%;Lubricant - Magnesium Stearate:0.10%
70574000,2025-05-24T11:46:11.574,110,0,544,0,7,0,0,0,0,0,0,3,0,0,0,0,Piccola Classic,IPT(TSM)-D,,,8,,,Single,,,,,,,,,30,Agitating,10,Diluent - Starch:99.90%;Lubricant - Magnesium Stearate:0.10%
70576000,2025-05-24T11:46:11.576,91,0,569,0,7,0,0,0,0,0,0,3,0,0,0,0,Piccola Classic,IPT(TSM)-D,,,8,,,Single,,,,,,,,,30,Agitating,10,Diluent - Starch:99.90%;Lubricant - Magnesium Stearate:0.10%
70578000,2025-05-24T11:46:11.578,98,0,520,0,7,0,0,0,0,0,0,3,0,0,0,0,Piccola Classic,IPT(TSM)-D,,,8,,,Single,,,,,,,,,30,Agitating,10,Diluent - Starch:99.90%;Lubricant - Magnesium Stearate:0.10%
70580000,2025-05-24T11:46:11.580,103,0,550,0,7,0,0,0,0,0,0,3,0,0,0,0,Piccola Classic,IPT(TSM)-D,,,8,,,Single,,,,,,,,,30,Agitating,10,Diluent - Starch:99.90%;Lubricant - Magnesium Stearate:0.10%
70582000,2025-05-24T11:46:11.582,108,0,514,0,7,0,0,0,0,0,0,3,0,0,0,0,Piccola Classic,IPT(TSM)-D,,,8,,,Single,,,,,,,,,30,Agitating,10,Diluent - Starch:99.90%;Lubricant - Magnesium Stearate:0.10%
70584000,2025-05-24T11:46:11.584,97,0,594,0,7,0,0,0,0,0,0,3,0,0,0,0,Piccola Classic,IPT(TSM)-D,,,8,,,Single,,,,,,,,,30,Agitating,10,Diluent - Starch:99.90%;Lubricant - Magnesium Stearate:0.10%
70586000,2025-05-24T11:46:11.586,96,0,565,0,7,0,0,0,0,0,0,3,0,0,0,0,Piccola Classic,IPT(TSM)-D,,,8,,,Single,,,,,,,,,30,Agitating,10,Diluent - Starch:99.90%;Lubricant - Magnesium Stearate:0.10%
70588000,2025-05-24T11:46:11.588,98,0,535,0,7,0,0,0,0,0,0,3,0,0,0,0,Piccola Classic,IPT(TSM)-D,,,8,,,Single,,,,,,,,,30,Agitating,10,Diluent - Starch:99.90%;Lubricant - Magnesium Stearate:0.10%
70590000,2025-05-24T11:46:11.590,113,0,568,0,7,0,0,0,0,0,0,3,0,0,0,0,Piccola Classic,IPT(TSM)-D,,,8,,,Single,,,,,,,,,30,Agitating,10,Diluent - Starch:99.90%;Lubricant - Magnesium Stearate:0.10%
70592000,2025-05-24T11:46:11.592,96,0,526,0,7,0,0,0,0,0,0,3,0,0,0,0,Piccola Classic,IPT(TSM)-D,,,8,,,Single,,,,,,,,,30,Agitating,10,Diluent - Starch:99.90%;Lubricant - Magnesium Stearate:0.10%
70594000,2025-05-24T11:46:11.594,122,0,547,0,7,0,0,0,0,0,0,3,0,0,0,0,Piccola Classic,IPT(TSM)-D,,,8,,,Single,,,,,,,,,30,Agitating,10,Diluent - Starch:99.90%;Lubricant - Magnesium Stearate:0.10%
70596000,2025-05-24T11:46:11.596,103,0,558,0,7,0,0,0,0,0,0,3,0,0,0,0,Piccola Classic,IPT(TSM)-D,,,8,,,Single,,,,,,,,,30,Agitating,10,Diluent - Starch:99.90%;Lubricant - Magnesium Stearate:0.10%
70598000,2025-05-24T11:46:11.598,104,0,570,0,7,0,0,0,0,0,0,3,0,0,0,0,Piccola Classic,IPT(TSM)-D,,,8,,,Single,,,,,,,,,30,Agitating,10,Diluent - Starch:99.90%;Lubricant - Magnesium Stearate:0.10%
70600000,2025-05-24T11:46:11.600,110,0,516,0,7,0,0,0,0,0,0,3,0,0,0,0,Piccola Classic,IPT(TSM)-D,,,8,,,Single,,,,,,,,,30,Agitating,10,Diluent - Starch:99.90%;Lubricant - Magnesium Stearate:0.10%
70602000,2025-05-24T11:46:11.602,87,0,514,0,7,0,0,0,0,0,0,3,0,0,0,0,Piccola Classic,IPT(TSM)-D,,,8,,,Single,,,,,,,,,30,Agitating,10,Diluent - Starch:99.90%;Lubricant - Magnesium Stearate:0.10%
70604000,2025-05-24T11:46:11.604,107,0,530,0,7,0,0,0,0,0,0,3,0,0,0,0,Piccola Classic,IPT(TSM)-D,,,8,,,Single,,,,,,,,,30,Agitating,10,Diluent - Starch:99.90%;Lubricant - Magnesium Stearate:0.10%
70606000,2025-05-24T11:46:11.606,101,0,594,0,7,0,0,0,0,0,0,3,0,0,0,0,Piccola Classic,IPT(TSM)-D,,,8,,,Single,,,,,,,,,30,Agitating,10,Diluent - Starch:99.90%;Lubricant - Magnesium Stearate:0.10%
70608000,2025-05-24T11:46:11.608,100,0,577,0,7,0,0,0,0,0,0,3,0,0,0,0,Piccola Classic,IPT(TSM)-D,,,8,,,Single,,,,,,,,,30,Agitating,10,Diluent - Starch:99.90%;Lubricant - Magnesium Stearate:0.10%
70610000,2025-05-24T11:46:11.610,102,0,542,0,7,0,0,0,0,0,0,3,0,0,0,0,Piccola Classic,IPT(TSM)-D,,,8,,,Single,,,,,,,,,30,Agitating,10,Diluent - Starch:99.90%;Lubricant - Magnesium Stearate:0.10%
70612000,2025-05-24T11:46:11.612,102,0,539,0,7,0,0,0,0,0,0,3,0,0,0,0,Piccola Classic,IPT(TSM)-D,,,8,,,Single,,,,,,,,,30,Agitating,10,Diluent - Starch:99.90%;Lubricant - Magnesium Stearate:0.10%
70614000,2025-05-24T11:46:11.614,80,0,570,0,7,0,0,0,0,0,0,3,0,0,0,0,Piccola Classic,IPT(TSM)-D,,,8,,,Single,,,,,,,,,30,Agitating,10,Diluent - Starch:99.90%;Lubricant - Magnesium Stearate:0.10%
70616000,2025-05-24T11:46:11.616,99,0,591,0,7,0,0,0,0,0,0,3,0,0,0,0,Piccola Classic,IPT(TSM)-D,,,8,,,Single,,,,,,,,,30,Agitating,10,Diluent - Starch:99.90%;Lubricant - Magnesium Stearate:0.10%
70618000,2025-05-24T11:46:11.618,125,0,539,0,7,0,0,0,0,0,0,3,0,0,0,0,Piccola Classic,IPT(TSM)-D,,,8,,,Single,,,,,,,,,30,Agitating,10,Diluent - Starch:99.90%;Lubricant - Magnesium Stearate:0.10%
70620000,2025-05-24T11:46:11.620,85,0,527,0,7,0,0,0,0,0,0,3,0,0,0,0,Piccola Classic,IPT(TSM)-D,,,8,,,Single,,,,,,,,,30,Agitating,10,Diluent - Starch:99.90%;Lubricant - Magnesium Stearate:0.10%
70622000,2025-05-24T11:46:11.622,90,0,592,0,7,0,0,0,0,0,0,3,0,0,0,0,Piccola Classic,IPT(TSM)-D,,,8,,,Single,,,,,,,,,30,Agitating,10,Diluent - Starch:99.90%;Lubricant - Magnesium Stearate:0.10%
70624000,2025-05-24T11:46:11.624,116,0,579,0,7,0,0,0,0,0,0,3,0,0,0,0,Piccola Classic,IPT(TSM)-D,,,8,,,Single,,,,,,,,,30,Agitating,10,Diluent - Starch:99.90%;Lubricant - Magnesium Stearate:0.10%
70626000,2025-05-24T11:46:11.626,95,0,572,0,7,0,0,0,0,0,0,3,0,0,0,0,Piccola Classic,IPT(TSM)-D,,,8,,,Single,,,,,,,,,30,Agitating,10,Diluent - Starch:99.90%;Lubricant - Magnesium Stearate:0.10%
70628000,2025-05-24T11:46:11.628,88,0,531,0,7,0,0,0,0,0,0,3,0,0,0,0,Piccola Classic,IPT(TSM)-D,,,8,,,Single,,,,,,,,,30,Agitating,10,Diluent - Starch:99.90%;Lubricant - Magnesium Stearate:0.10%
70630000,2025-05-24T11:46:11.630,96,0,521,0,7,0,0,0,0,0,0,3,0,0,0,0,Piccola Classic,IPT(TSM)-D,,,8,,,Single,,,,,,,,,30,Agitating,10,Diluent - Starch:99.90%;Lubricant - Magnesium Stearate:0.10%
70632000,2025-05-24T11:46:11.632,113,0,528,0,7,0,0,0,0,0,0,3,0,0,0,0,Piccola Classic,IPT(TSM)-D,,,8,,,Single,,,,,,,,,30,Agitating,10,Diluent - Starch:99.90%;Lubricant - Magnesium Stearate:0.10%
70634000,2025-05-24T11:46:11.634,113,0,509,0,7,0,0,0,0,0,0,3,0,0,0,0,Piccola Classic,IPT(TSM)-D,,,8,,,Single,,,,,,,,,30,Agitating,10,Diluent - Starch:99.90%;Lubricant - Magnesium Stearate:0.10%
70636000,2025-05-24T11:46:11.636,88,0,577,0,7,0,0,0,0,0,0,3,0,0,0,0,Piccola Classic,IPT(TSM)-D,,,8,,,Single,,,,,,,,,30,Agitating,10,Diluent - Starch:99.90%;Lubricant - Magnesium Stearate:0.10%
70638000,2025-05-24T11:46:11.638,99,0,530,0,7,0,0,0,0,0,0,3,0,0,0,0,Piccola Classic,IPT(TSM)-D,,,8,,,Single,,,,,,,,,30,Agitating,10,Diluent - Starch:99.90%;Lubricant - Magnesium Stearate:0.10%
70640000,2025-05-24T11:46:11.640,0,51,553,0,0,7,0,0,0,0,0,3,0,0,0,0,Piccola Classic,IPT(TSM)-D,,,8,,,Single,,,,,,,,,30,Agitating,10,Diluent - Starch:99.90%;Lubricant - Magnesium Stearate:0.10%
70642000,2025-05-24T11:46:11.642,0,48,571,0,0,7,0,0,0,0,0,3,0,0,0,0,Piccola Classic,IPT(TSM)-D,,,8,,,Single,,,,,,,,,30,Agitating,10,Diluent - Starch:99.90%;Lubricant - Magnesium Stearate:0.10%
70644000,2025-05-24T11:46:11.644,0,48,561,0,0,7,0,0,0,0,0,3,0,0,0,0,Piccola Classic,IPT(TSM)-D,,,8,,,Single,,,,,,,,,30,Agitating,10,Diluent - Starch:99.90%;Lubricant - Magnesium Stearate:0.10%
70646000,2025-05-24T11:46:11.646,0,34,522,0,0,7,0,0,0,0,0,3,0,0,0,0,Piccola Classic,IPT(TSM)-D,,,8,,,Single,,,,,,,,,30,Agitating,10,Diluent - Starch:99.90%;Lubricant - Magnesium Stearate:0.10%
70648000,2025-05-24T11:46:11.648,0,21,564,0,0,7,0,0,0,0,0,3,0,0,0,0,Piccola Classic,IPT(TSM)-D,,,8,,,Single,,,,,,,,,30,Agitating,10,Diluent - Starch:99.90%;Lubricant - Magnesium Stearate:0.10%
70650000,2025-05-24T11:46:11.650,0,42,509,0,0,7,0,0,0,0,0,3,0,0,0,0,Piccola Classic,IPT(TSM)-D,,,8,,,Single,,,,,,,,,30,Agitating,10,Diluent - Starch:99.90%;Lubricant - Magnesium Stearate:0.10%
70652000,2025-05-24T11:46:11.652,0,31,577,0,0,7,0,0,0,0,0,3,0,0,0,0,Piccola Classic,IPT(TSM)-D,,,8,,,Single,,,,,,,,,30,Agitating,10,Diluent - Starch:99.90%;Lubricant - Magnesium Stearate:0.10%
70654000,2025-05-24T11:46:11.654,0,45,578,0,0,7,0,0,0,0,0,3,0,0,0,0,Piccola Classic,IPT(TSM)-D,,,8,,,Single,,,,,,,,,30,Agitating,10,Diluent - Starch:99.90%;Lubricant - Magnesium Stearate:0.10%
70656000,2025-05-24T11:46:11.656,0,42,551,0,0,7,0,0,0,0,0,3,0,0,0,0,Piccola Classic,IPT(TSM)-D,,,8,,,Single,,,,,,,,,30,Agitating,10,Diluent - Starch:99.90%;Lubricant - Magnesium Stearate:0.10%
70658000,2025-05-24T11:46:11.658,0,43,585,0,0,7,0,0,0,0,0,3,0,0,0,0,Piccola Classic,IPT(TSM)-D,,,8,,,Single,,,,,,,,,30,Agitating,10,Diluent - Starch:99.90%;Lubricant - Magnesium Stearate:0.10%
70660000,2025-05-24T11:46:11.660,0,31,546,0,0,7,0,0,0,0,0,3,0,0,0,0,Piccola Classic,IPT(TSM)-D,,,8,,,Single,,,,,,,,,30,Agitating,10,Diluent - Starch:99.90%;Lubricant - Magnesium Stearate:0.10%
70662000,2025-05-24T11:46:11.662,0,25,583,0,0,7,0,0,0,0,0,3,0,0,0,0,Piccola Classic,IPT(TSM)-D,,,8,,,Single,,,,,,,,,30,Agitating,10,Diluent - Starch:99.90%;Lubricant - Magnesium Stearate:0.10%
70664000,2025-05-24T11:46:11.664,0,46,526,0,0,7,0,0,0,0,0,3,0,0,0,0,Piccola Classic,IPT(TSM)-D,,,8,,,Single,,,,,,,,,30,Agitating,10,Diluent - Starch:99.90%;Lubricant - Magnesium Stearate:0.10%
70666000,2025-05-24T11:46:11.666,0,48,519,0,0,7,0,0,0,0,0,3,0,0,0,0,Piccola Classic,IPT(TSM)-D,,,8,,,Single,,,,,,,,,30,Agitating,10,Diluent - Starch:99.90%;Lubricant - Magnesium Stearate:0.10%
70668000,2025-05-24T11:46:11.668,0,29,573,0,0,7,0,0,0,0,0,3,0,0,0,0,Piccola Classic,IPT(TSM)-D,,,8,,,Single,,,,,,,,,30,Agitating,10,Diluent - Starch:99.90%;Lubricant - Magnesium Stearate:0.10%
70670000,2025-05-24T11:46:11.670,0,50,517,0,0,7,0,0,0,0,0,3,0,0,0,0,Piccola Classic,IPT(TSM)-D,,,8,,,Single,,,,,,,,,30,Agitating,10,Diluent - Starch:99.90%;Lubricant - Magnesium Stearate:0.10%
70672000,2025-05-24T11:46:11.672,0,42,558,0,0,7,0,0,0,0,0,3,0,0,0,0,Piccola Classic,IPT(TSM)-D,,,8,,,Single,,,,,,,,,30,Agitating,10,Diluent - Starch:99.90%;Lubricant - Magnesium Stearate:0.10%
70674000,2025-05-24T11:46:11.674,0,40,524,0,0,7,0,0,0,0,0,3,0,0,0,0,Piccola Classic,IPT(TSM)-D,,,8,,,Single,,,,,,,,,30,Agitating,10,Diluent - Starch:99.90%;Lubricant - Magnesium Stearate:0.10%
70676000,2025-05-24T11:46:11.676,0,45,533,0,0,7,0,0,0,0,0,3,0,0,0,0,Piccola Classic,IPT(TSM)-D,,,8,,,Single,,,,,,,,,30,Agitating,10,Diluent - Starch:99.90%;Lubricant - Magnesium Stearate:0.10%
70678000,2025-05-24T11:46:11.678,0,32,566,0,0,7,0,0,0,0,0,3,0,0,0,0,Piccola Classic,IPT(TSM)-D,,,8,,,Single,,,,,,,,,30,Agitating,10,Diluent - Starch:99.90%;Lubricant - Magnesium Stearate:0.10%
70680000,2025-05-24T11:46:11.680,0,34,526,0,0,7,0,0,0,0,0,3,0,0,0,0,Piccola Classic,IPT(TSM)-D,,,8,,,Single,,,,,,,,,30,Agitating,10,Diluent - Starch:99.90%;Lubricant - Magnesium Stearate:0.10%
70682000,2025-05-24T11:46:11.682,0,41,595,0,0,7,0,0,0,0,0,3,0,0,0,0,Piccola Classic,IPT(TSM)-D,,,8,,,Single,,,,,,,,,30,Agitating,10,Diluent - Starch:99.90%;Lubricant - Magnesium Stearate:0.10%
70684000,2025-05-24T11:46:11.684,0,49,545,0,0,7,0,0,0,0,0,3,0,0,0,0,Piccola Classic,IPT(TSM)-D,,,8,,,Single,,,,,,,,,30,Agitating,10,Diluent - Starch:99.90%;Lubricant - Magnesium Stearate:0.10%
70686000,2025-05-24T11:46:11.686,0,49,511,0,0,7,0,0,0,0,0,3,0,0,0,0,Piccola Classic,IPT(TSM)-D,,,8,,,Single,,,,,,,,,30,Agitating,10,Diluent - Starch:99.90%;Lubricant - Magnesium Stearate:0.10%
70688000,2025-05-24T11:46:11.688,0,49,583,0,0,7,0,0,0,0,0,3,0,0,0,0,Piccola Classic,IPT(TSM)-D,,,8,,,Single,,,,,,,,,30,Agitating,10,Diluent - Starch:99.90%;Lubricant - Magnesium Stearate:0.10%
70690000,2025-05-24T11:46:11.690,0,23,577,0,0,7,0,0,0,0,0,3,0,0,0,0,Piccola Classic,IPT(TSM)-D,,,8,,,Single,,,,,,,,,30,Agitating,10,Diluent - Starch:99.90%;Lubricant - Magnesium Stearate:0.10%
70692000,2025-05-24T11:46:11.692,0,37,578,0,0,7,0,0,0,0,0,3,0,0,0,0,Piccola Classic,IPT(TSM)-D,,,8,,,Single,,,,,,,,,30,Agitating,10,Diluent - Starch:99.90%;Lubricant - Magnesium Stearate:0.10%
70694000,2025-05-24T11:46:11.694,0,38,526,0,0,7,0,0,0,0,0,3,0,0,0,0,Piccola Classic,IPT(TSM)-D,,,8,,,Single,,,,,,,,,30,Agitating,10,Diluent - Starch:99.90%;Lubricant - Magnesium Stearate:0.10%
70696000,2025-05-24T11:46:11.696,0,34,551,0,0,7,0,0,0,0,0,3,0,0,0,0,Piccola Classic,IPT(TSM)-D,,,8,,,Single,,,,,,,,,30,Agitating,10,Diluent - Starch:99.90%;Lubricant - Magnesium Stearate:0.10%
70698000,2025-05-24T11:46:11.698,0,14,553,0,0,7,0,0,0,0,0,3,0,0,0,0,Piccola Classic,IPT(TSM)-D,,,8,,,Single,,,,,,,,,30,Agitating,10,Diluent - Starch:99.90%;Lubricant - Magnesium Stearate:0.10%
70700000,2025-05-24T11:46:11.700,0,37,537,0,0,7,0,0,0,0,0,3,0,0,0,0,Piccola Classic,IPT(TSM)-D,,,8,,,Single,,,,,,,,,30,Agitating,10,Diluent - Starch:99.90%;Lubricant - Magnesium Stearate:0.10%
70702000,2025-05-24T11:46:11.702,0,26,540,0,0,7,0,0,0,0,0,3,0,0,0,0,Piccola Classic,IPT(TSM)-D,,,8,,,Single,,,,,,,,,30,Agitating,10,Diluent - Starch:99.90%;Lubricant - Magnesium Stearate:0.10%
70704000,2025-05-24T11:46:11.704,0,46,573,0,0,7,0,0,0,0,0,3,0,0,0,0,Piccola Classic,IPT(TSM)-D,,,8,,,Single,,,,,,,,,30,Agitating,10,Diluent - Starch:99.90%;Lubricant - Magnesium Stearate:0.10%
70706000,2025-05-24T11:46:11.706,0,53,512,0,0,7,0,0,0,0,0,3,0,0,0,0,Piccola Classic,IPT(TSM)-D,,,8,,,Single,,,,,,,,,30,Agitating,10,Diluent - Starch:99.90%;Lubricant - Magnesium Stearate:0.10%
70708000,2025-05-24T11:46:11.708,0,31,537,0,0,7,0,0,0,0,0,3,0,0,0,0,Piccola Classic,IPT(TSM)-D,,,8,,,Single,,,,,,,,,30,Agitating,10,Diluent - Starch:99.90%;Lubricant - Magnesium Stearate:0.10%
70710000,2025-05-24T11:46:11.710,0,52,530,0,0,7,0,0,0,0,0,3,0,0,0,0,Piccola Classic,IPT(TSM)-D,,,8,,,Single,,,,,,,,,30,Agitating,10,Diluent - Starch:99.90%;Lubricant - Magnesium Stearate:0.10%
70712000,2025-05-24T11:46:11.712,0,34,545,0,0,7,0,0,0,0,0,3,0,0,0,0,Piccola Classic,IPT(TSM)-D,,,8,,,Single,,,,,,,,,30,Agitating,10,Diluent - Starch:99.90%;Lubricant - Magnesium Stearate:0.10%
70714000,2025-05-24T11:46:11.714,0,43,571,0,0,7,0,0,0,0,0,3,0,0,0,0,Piccola Classic,IPT(TSM)-D,,,8,,,Single,,,,,,,,,30,Agitating,10,Diluent - Starch:99.90%;Lubricant - Magnesium Stearate:0.10%
70716000,2025-05-24T11:46:11.716,0,24,568,0,0,7,0,0,0,0,0,3,0,0,0,0,Piccola Classic,IPT(TSM)-D,,,8,,,Single,,,,,,,,,30,Agitating,10,Diluent - Starch:99.90%;Lubricant - Magnesium Stearate:0.10%
70718000,2025-05-24T11:46:11.718,0,47,563,0,0,7,0,0,0,0,0,3,0,0,0,0,Piccola Classic,IPT(TSM)-D,,,8,,,Single,,,,,,,,,30,Agitating,10,Diluent - Starch:99.90%;Lubricant - Magnesium Stearate:0.10%
70720000,2025-05-24T11:46:11.720,0,0,698,0,0,0,7,0,0,0,0,3,0,0,0,0,Piccola Classic,IPT(TSM)-D,,,8,,,Single,,,,,,,,,30,Agitating,10,Diluent - Starch:99.90%;Lubricant - Magnesium Stearate:0.10%
70722000,2025-05-24T11:46:11.722,0,0,771,0,0,0,7,0,0,0,0,3,0,0,0,0,Piccola Classic,IPT(TSM)-D,,,8,,,Single,,,,,,,,,30,Agitating,10,Diluent - Starch:99.90%;Lubricant - Magnesium Stearate:0.10%
70724000,2025-05-24T11:46:11.724,0,0,681,0,0,0,7,0,0,0,0,3,0,0,0,0,Piccola Classic,IPT(TSM)-D,,,8,,,Single,,,,,,,,,30,Agitating,10,Diluent - Starch:99.90%;Lubricant - Magnesium Stearate:0.10%
70726000,2025-05-24T11:46:11.726,0,0,846,0,0,0,7,0,0,0,0,3,0,0,0,0,Piccola Classic,IPT(TSM)-D,,,8,,,Single,,,,,,,,,30,Agitating,10,Diluent - Starch:99.90%;Lubricant - Magnesium Stearate:0.10%
70728000,2025-05-24T11:46:11.728,0,0,723,0,0,0,7,0,0,0,0,3,0,0,0,0,Piccola Classic,IPT(TSM)-D,,,8,,,Single,,,,,,,,,30,Agitating,10,Diluent - Starch:99.90%;Lubricant - Magnesium Stearate:0.10%
70730000,2025-05-24T11:46:11.730,0,0,613,0,0,0,7,0,0,0,0,3,0,0,0,0,Piccola Classic,IPT(TSM)-D,,,8,,,Single,,,,,,,,,30,Agitating,10,Diluent - Starch:99.90%;Lubricant - Magnesium Stearate:0.10%
70732000,2025-05-24T11:46:11.732,0,0,872,0,0,0,7,0,0,0,0,3,0,0,0,0,Piccola Classic,IPT(TSM)-D,,,8,,,Single,,,,,,,,,30,Agitating,10,Diluent - Starch:99.90%;Lubricant - Magnesium Stearate:0.10%
70734000,2025-05-24T11:46:11.734,0,0,750,0,0,0,7,0,0,0,0,3,0,0,0,0,Piccola Classic,IPT(TSM)-D,,,8,,,Single,,,,,,,,,30,Agitating,10,Diluent - Starch:99.90%;Lubricant - Magnesium Stearate:0.10%
70736000,2025-05-24T11:46:11.736,0,0,728,0,0,0,7,0,0,0,0,3,0,0,0,0,Piccola Classic,IPT(TSM)-D,,,8,,,Single,,,,,,,,,30,Agitating,10,Diluent - Starch:99.90%;Lubricant - Magnesium Stearate:0.10%
70738000,2025-05-24T11:46:11.738,0,0,694,0,0,0,7,0,0,0,0,3,0,0,0,0,Piccola Classic,IPT(TSM)-D,,,8,,,Single,,,,,,,,,30,Agitating,10,Diluent - Starch:99.90%;Lubricant - Magnesium Stearate:0.10%
70740000,2025-05-24T11:46:11.740,0,0,725,0,0,0,7,0,0,0,0,3,0,0,0,0,Piccola Classic,IPT(TSM)-D,,,8,,,Single,,,,,,,,,30,Agitating,10,Diluent - Starch:99.90%;Lubricant - Magnesium Stearate:0.10%
70742000,2025-05-24T11:46:11.742,0,0,667,0,0,0,7,0,0,0,0,3,0,0,0,0,Piccola Classic,IPT(TSM)-D,,,8,,,Single,,,,,,,,,30,Agitating,10,Diluent - Starch:99.90%;Lubricant - Magnesium Stearate:0.10%
70744000,2025-05-24T11:46:11.744,0,0,636,0,0,0,7,0,0,0,0,3,0,0,0,0,Piccola Classic,IPT(TSM)-D,,,8,,,Single,,,,,,,,,30,Agitating,10,Diluent - Starch:99.90%;Lubricant - Magnesium Stearate:0.10%
70746000,2025-05-24T11:46:11.746,0,0,683,0,0,0,7,0,0,0,0,3,0,0,0,0,Piccola Classic,IPT(TSM)-D,,,8,,,Single,,,,,,,,,30,Agitating,10,Diluent - Starch:99.90%;Lubricant - Magnesium Stearate:0.10%
70748000,2025-05-24T11:46:11.748,0,0,656,0,0,0,7,0,0,0,0,3,0,0,0,0,Piccola Classic,IPT(TSM)-D,,,8,,,Single,,,,,,,,,30,Agitating,10,Diluent - Starch:99.90%;Lubricant - Magnesium Stearate:0.10%
70750000,2025-05-24T11:46:11.750,0,0,696,0,0,0,7,0,0,0,0,3,0,0,0,0,Piccola Classic,IPT(TSM)-D,,,8,,,Single,,,,,,,,,30,Agitating,10,Diluent - Starch:99.90%;Lubricant - Magnesium Stearate:0.10%
70752000,2025-05-24T11:46:11.752,0,0,643,0,0,0,7,0,0,0,0,3,0,0,0,0,Piccola Classic,IPT(TSM)-D,,,8,,,Single,,,,,,,,,30,Agitating,10,Diluent - Starch:99.90%;Lubricant - Magnesium Stearate:0.10%
70754000,2025-05-24T11:46:11.754,0,0,660,0,0,0,7,0,0,0,0,3,0,0,0,0,Piccola Classic,IPT(TSM)-D,,,8,,,Single,,,,,,,,,30,Agitating,10,Diluent - Starch:99.90%;Lubricant - Magnesium Stearate:0.10%
70756000,2025-05-24T11:46:11.756,0,0,621,0,0,0,7,0,0,0,0,3,0,0,0,0,Piccola Classic,IPT(TSM)-D,,,8,,,Single,,,,,,,,,30,Agitating,10,Diluent - Starch:99.90%;Lubricant - Magnesium Stearate:0.10%
70758000,2025-05-24T11:46:11.758,0,0,864,0,0,0,7,0,0,0,0,3,0,0,0,0,Piccola Classic,IPT(TSM)-D,,,8,,,Single,,,,,,,,,30,Agitating,10,Diluent - Starch:99.90%;Lubricant - Magnesium Stearate:0.10%
70760000,2025-05-24T11:46:11.760,0,0,742,0,0,0,7,0,0,0,0,3,0,0,0,0,Piccola Classic,IPT(TSM)-D,,,8,,,Single,,,,,,,,,30,Agitating,10,Diluent - Starch:99.90%;Lubricant - Magnesium Stearate:0.10%
70762000,2025-05-24T11:46:11.762,0,0,679,0,0,0,7,0,0,0,0,3,0,0,0,0,Piccola Classic,IPT(TSM)-D,,,8,,,Single,,,,,,,,,30,Agitating,10,Diluent - Starch:99.90%;Lubricant - Magnesium Stearate:0.10%
70764000,2025-05-24T11:46:11.764,0,0,603,0,0,0,7,0,0,0,0,3,0,0,0,0,Piccola Classic,IPT(TSM)-D,,,8,,,Single,,,,,,,,,30,Agitating,10,Diluent - Starch:99.90%;Lubricant - Magnesium Stearate:0.10%
70766000,2025-05-24T11:46:11.766,0,0,646,0,0,0,7,0,0,0,0,3,0,0,0,0,Piccola Classic,IPT(TSM)-D,,,8,,,Single,,,,,,,,,30,Agitating,10,Diluent - Starch:99.90%;Lubricant - Magnesium Stearate:0.10%
70768000,2025-05-24T11:46:11.768,0,0,635,0,0,0,7,0,0,0,0,3,0,0,0,0,Piccola Classic,IPT(TSM)-D,,,8,,,Single,,,,,,,,,30,Agitating,10,Diluent - Starch:99.90%;Lubricant - Magnesium Stearate:0.10%
70770000,2025-05-24T11:46:11.770,0,0,812,0,0,0,7,0,0,0,0,3,0,0,0,0,Piccola Classic,IPT(TSM)-D,,,8,,,Single,,,,,,,,,30,Agitating,10,Diluent - Starch:99.90%;Lubricant - Magnesium Stearate:0.10%
70772000,2025-05-24T11:46:11.772,0,0,677,0,0,0,7,0,0,0,0,3,0,0,0,0,Piccola Classic,IPT(TSM)-D,,,8,,,Single,,,,,,,,,30,Agitating,10,Diluent - Starch:99.90%;Lubricant - Magnesium Stearate:0.10%
70774000,2025-05-24T11:46:11.774,0,0,789,0,0,0,7,0,0,0,0,3,0,0,0,0,Piccola Classic,IPT(TSM)-D,,,8,,,Single,,,,,,,,,30,Agitating,10,Diluent - Starch:99.90%;Lubricant - Magnesium Stearate:0.10%
70776000,2025-05-24T11:46:11.776,0,0,729,0,0,0,7,0,0,0,0,3,0,0,0,0,Piccola Classic,IPT(TSM)-D,,,8,,,Single,,,,,,,,,30,Agitating,10,Diluent - Starch:99.90%;Lubricant - Magnesium Stearate:0.10%
70778000,2025-05-24T11:46:11.778,0,0,661,0,0,0,7,0,0,0,0,3,0,0,0,0,Piccola Classic,IPT(TSM)-D,,,8,,,Single,,,,,,,,,30,Agitating,10,Diluent - Starch:99.90%;Lubricant - Magnesium Stearate:0.10%
70780000,2025-05-24T11:46:11.780,0,0,827,0,0,0,7,0,0,0,0,3,0,0,0,0,Piccola Classic,IPT(TSM)-D,,,8,,,Single,,,,,,,,,30,Agitating,10,Diluent - Starch:99.90%;Lubricant - Magnesium Stearate:0.10%
70782000,2025-05-24T11:46:11.782,0,0,907,0,0,0,7,0,0,0,0,3,0,0,0,0,Piccola Classic,IPT(TSM)-D,,,8,,,Single,,,,,,,,,30,Agitating,10,Diluent - Starch:99.90%;Lubricant - Magnesium Stearate:0.10%
70784000,2025-05-24T11:46:11.784,0,0,761,0,0,0,7,0,0,0,0,3,0,0,0,0,Piccola Classic,IPT(TSM)-D,,,8,,,Single,,,,,,,,,30,Agitating,10,Diluent - Starch:99.90%;Lubricant - Magnesium Stearate:0.10%
70786000,2025-05-24T11:46:11.786,0,0,619,0,0,0,7,0,0,0,0,3,0,0,0,0,Piccola Classic,IPT(TSM)-D,,,8,,,Single,,,,,,,,,30,Agitating,10,Diluent - Starch:99.90%;Lubricant - Magnesium Stearate:0.10%
70788000,2025-05-24T11:46:11.788,0,0,626,0,0,0,7,0,0,0,0,3,0,0,0,0,Piccola Classic,IPT(TSM)-D,,,8,,,Single,,,,,,,,,30,Agitating,10,Diluent - Starch:99.90%;Lubricant - Magnesium Stearate:0.10%
70790000,2025-05-24T11:46:11.790,0,0,695,0,0,0,7,0,0,0,0,3,0,0,0,0,Piccola Classic,IPT(TSM)-D,,,8,,,Single,,,,,,,,,30,Agitating,10,Diluent - Starch:99.90%;Lubricant - Magnesium Stearate:0.10%
70792000,2025-05-24T11:46:11.792,0,0,912,0,0,0,7,0,0,0,0,3,0,0,0,0,Piccola Classic,IPT(TSM)-D,,,8,,,Single,,,,,,,,,30,Agitating,10,Diluent - Starch:99.90%;Lubricant - Magnesium Stearate:0.10%
70794000,2025-05-24T11:46:11.794,0,0,829,0,0,0,7,0,0,0,0,3,0,0,0,0,Piccola Classic,IPT(TSM)-D,,,8,,,Single,,,,,,,,,30,Agitating,10,Diluent - Starch:99.90%;Lubricant - Magnesium Stearate:0.10%
70796000,2025-05-24T11:46:11.796,0,0,619,0,0,0,7,0,0,0,0,3,0,0,0,0,Piccola Classic,IPT(TSM)-D,,,8,,,Single,,,,,,,,,30,Agitating,10,Diluent - Starch:99.90%;Lubricant - Magnesium Stearate:0.10%
70798000,2025-05-24T11:46:11.798,0,0,730,0,0,0,7,0,0,0,0,3,0,0,0,0,Piccola Classic,IPT(TSM)-D,,,8,,,Single,,,,,,,,,30,Agitating,10,Diluent - Starch:99.90%;Lubricant - Magnesium Stearate:0.10%
70800000,2025-05-24T11:46:11.800,0,0,560,233,0,0,0,1,0,0,0,3,0,0,0,0,Piccola Classic,IPT(TSM)-D,,,8,,,Single,,,,,,,,,30,Agitating,10,Diluent - Starch:99.90%;Lubricant - Magnesium Stearate:0.10%
70802000,2025-05-24T11:46:11.802,0,0,552,240,0,0,0,1,0,0,0,3,0,0,0,0,Piccola Classic,IPT(TSM)-D,,,8,,,Single,,,,,,,,,30,Agitating,10,Diluent - Starch:99.90%;Lubricant - Magnesium Stearate:0.10%
70804000,2025-05-24T11:46:11.804,0,0,521,210,0,0,0,1,0,0,0,3,0,0,0,0,Piccola Classic,IPT(TSM)-D,,,8,,,Single,,,,,,,,,30,Agitating,10,Diluent - Starch:99.90%;Lubricant - Magnesium Stearate:0.10%
70806000,2025-05-24T11:46:11.806,0,0,571,212,0,0,0,1,0,0,0,3,0,0,0,0,Piccola Classic,IPT(TSM)-D,,,8,,,Single,,,,,,,,,30,Agitating,10,Diluent - Starch:99.90%;Lubricant - Magnesium Stearate:0.10%
70808000,2025-05-24T11:46:11.808,0,0,518,228,0,0,0,1,0,0,0,3,0,0,0,0,Piccola Classic,IPT(TSM)-D,,,8,,,Single,,,,,,,,,30,Agitating,10,Diluent - Starch:99.90%;Lubricant - Magnesium Stearate:0.10%
70810000,2025-05-24T11:46:11.810,0,0,546,238,0,0,0,1,0,0,0,3,0,0,0,0,Piccola Classic,IPT(TSM)-D,,,8,,,Single,,,,,,,,,30,Agitating,10,Diluent - Starch:99.90%;Lubricant - Magnesium Stearate:0.10%
70812000,2025-05-24T11:46:11.812,0,0,590,247,0,0,0,1,0,0,0,3,0,0,0,0,Piccola Classic,IPT(TSM)-D,,,8,,,Single,,,,,,,,,30,Agitating,10,Diluent - Starch:99.90%;Lubricant - Magnesium Stearate:0.10%
70814000,2025-05-24T11:46:11.814,0,0,577,229,0,0,0,1,0,0,0,3,0,0,0,0,Piccola Classic,IPT(TSM)-D,,,8,,,Single,,,,,,,,,30,Agitating,10,Diluent - Starch:99.90%;Lubricant - Magnesium Stearate:0.10%
70816000,2025-05-24T11:46:11.816,0,0,577,223,0,0,0,1,0,0,0,3,0,0,0,0,Piccola Classic,IPT(TSM)-D,,,8,,,Single,,,,,,,,,30,Agitating,10,Diluent - Starch:99.90%;Lubricant - Magnesium Stearate:0.10%
70818000,2025-05-24T11:46:11.818,0,0,594,244,0,0,0,1,0,0,0,3,0,0,0,0,Piccola Classic,IPT(TSM)-D,,,8,,,Single,,,,,,,,,30,Agitating,10,Diluent - Starch:99.90%;Lubricant - Magnesium Stearate:0.10%
70820000,2025-05-24T11:46:11.820,0,0,561,234,0,0,0,1,0,0,0,3,0,0,0,0,Piccola Classic,IPT(TSM)-D,,,8,,,Single,,,,,,,,,30,Agitating,10,Diluent - Starch:99.90%;Lubricant - Magnesium Stearate:0.10%
70822000,2025-05-24T11:46:11.822,0,0,536,218,0,0,0,1,0,0,0,3,0,0,0,0,Piccola Classic,IPT(TSM)-D,,,8,,,Single,,,,,,,,,30,Agitating,10,Diluent - Starch:99.90%;Lubricant - Magnesium Stearate:0.10%
70824000,2025-05-24T11:46:11.824,0,0,528,214,0,0,0,1,0,0,0,3,0,0,0,0,Piccola Classic,IPT(TSM)-D,,,8,,,Single,,,,,,,,,30,Agitating,10,Diluent - Starch:99.90%;Lubricant - Magnesium Stearate:0.10%
70826000,2025-05-24T11:46:11.826,0,0,513,208,0,0,0,1,0,0,0,3,0,0,0,0,Piccola Classic,IPT(TSM)-D,,,8,,,Single,,,,,,,,,30,Agitating,10,Diluent - Starch:99.90%;Lubricant - Magnesium Stearate:0.10%
70828000,2025-05-24T11:46:11.828,0,0,550,247,0,0,0,1,0,0,0,3,0,0,0,0,Piccola Classic,IPT(TSM)-D,,,8,,,Single,,,,,,,,,30,Agitating,10,Diluent - Starch:99.90%;Lubricant - Magnesium Stearate:0.10%
70830000,2025-05-24T11:46:11.830,0,0,591,219,0,0,0,1,0,0,0,3,0,0,0,0,Piccola Classic,IPT(TSM)-D,,,8,,,Single,,,,,,,,,30,Agitating,10,Diluent - Starch:99.90%;Lubricant - Magnesium Stearate:0.10%
70832000,2025-05-24T11:46:11.832,0,0,508,243,0,0,0,1,0,0,0,3,0,0,0,0,Piccola Classic,IPT(TSM)-D,,,8,,,Single,,,,,,,,,30,Agitating,10,Diluent - Starch:99.90%;Lubricant - Magnesium Stearate:0.10%
70834000,2025-05-24T11:46:11.834,0,0,535,232,0,0,0,1,0,0,0,3,0,0,0,0,Piccola Classic,IPT(TSM)-D,,,8,,,Single,,,,,,,,,30,Agitating,10,Diluent - Starch:99.90%;Lubricant - Magnesium Stearate:0.10%
70836000,2025-05-24T11:46:11.836,0,0,552,223,0,0,0,1,0,0,0,3,0,0,0,0,Piccola Classic,IPT(TSM)-D,,,8,,,Single,,,,,,,,,30,Agitating,10,Diluent - Starch:99.90%;Lubricant - Magnesium Stearate:0.10%
70838000,2025-05-24T11:46:11.838,0,0,543,248,0,0,0,1,0,0,0,3,0,0,0,0,Piccola Classic,IPT(TSM)-D,,,8,,,Single,,,,,,,,,30,Agitating,10,Diluent - Starch:99.90%;Lubricant - Magnesium Stearate:0.10%
70840000,2025-05-24T11:46:11.840,0,0,542,235,0,0,0,1,0,0,0,3,0,0,0,0,Piccola Classic,IPT(TSM)-D,,,8,,,Single,,,,,,,,,30,Agitating,10,Diluent - Starch:99.90%;Lubricant - Magnesium Stearate:0.10%
70842000,2025-05-24T11:46:11.842,0,0,520,231,0,0,0,1,0,0,0,3,0,0,0,0,Piccola Classic,IPT(TSM)-D,,,8,,,Single,,,,,,,,,30,Agitating,10,Diluent - Starch:99.90%;Lubricant - Magnesium Stearate:0.10%
70844000,2025-05-24T11:46:11.844,0,0,581,214,0,0,0,1,0,0,0,3,0,0,0,0,Piccola Classic,IPT(TSM)-D,,,8,,,Single,,,,,,,,,30,Agitating,10,Diluent - Starch:99.90%;Lubricant - Magnesium Stearate:0.10%
70846000,2025-05-24T11:46:11.846,0,0,544,247,0,0,0,1,0,0,0,3,0,0,0,0,Piccola Classic,IPT(TSM)-D,,,8,,,Single,,,,,,,,,30,Agitating,10,Diluent - Starch:99.90%;Lubricant - Magnesium Stearate:0.10%
70848000,2025-05-24T11:46:11.848,0,0,543,244,0,0,0,1,0,0,0,3,0,0,0,0,Piccola Classic,IPT(TSM)-D,,,8,,,Single,,,,,,,,,30,Agitating,10,Diluent - Starch:99.90%;Lubricant - Magnesium Stearate:0.10%
70850000,2025-05-24T11:46:11.850,0,0,520,239,0,0,0,1,0,0,0,3,0,0,0,0,Piccola Classic,IPT(TSM)-D,,,8,,,Single,,,,,,,,,30,Agitating,10,Diluent - Starch:99.90%;Lubricant - Magnesium Stearate:0.10%
70852000,2025-05-24T11:46:11.852,0,0,538,235,0,0,0,1,0,0,0,3,0,0,0,0,Piccola Classic,IPT(TSM)-D,,,8,,,Single,,,,,,,,,30,Agitating,10,Diluent - Starch:99.90%;Lubricant - Magnesium Stearate:0.10%
70854000,2025-05-24T11:46:11.854,0,0,597,219,0,0,0,1,0,0,0,3,0,0,0,0,Piccola Classic,IPT(TSM)-D,,,8,,,Single,,,,,,,,,30,Agitating,10,Diluent - Starch:99.90%;Lubricant - Magnesium Stearate:0.10%
70856000,2025-05-24T11:46:11.856,0,0,547,220,0,0,0,1,0,0,0,3,0,0,0,0,Piccola Classic,IPT(TSM)-D,,,8,,,Single,,,,,,,,,30,Agitating,10,Diluent - Starch:99.90%;Lubricant - Magnesium Stearate:0.10%
70858000,2025-05-24T11:46:11.858,0,0,598,237,0,0,0,1,0,0,0,3,0,0,0,0,Piccola Classic,IPT(TSM)-D,,,8,,,Single,,,,,,,,,30,Agitating,10,Diluent - Starch:99.90%;Lubricant - Magnesium Stearate:0.10%
70860000,2025-05-24T11:46:11.860,103,0,562,0,1,0,0,0,0,0,0,3,0,0,0,0,Piccola Classic,IPT(TSM)-D,,,8,,,Single,,,,,,,,,30,Agitating,10,Diluent - Starch:99.90%;Lubricant - Magnesium Stearate:0.10%
70862000,2025-05-24T11:46:11.862,113,0,536,0,1,0,0,0,0,0,0,3,0,0,0,0,Piccola Classic,IPT(TSM)-D,,,8,,,Single,,,,,,,,,30,Agitating,10,Diluent - Starch:99.90%;Lubricant - Magnesium Stearate:0.10%
70864000,2025-05-24T11:46:11.864,94,0,557,0,1,0,0,0,0,0,0,3,0,0,0,0,Piccola Classic,IPT(TSM)-D,,,8,,,Single,,,,,,,,,30,Agitating,10,Diluent - Starch:99.90%;Lubricant - Magnesium Stearate:0.10%
70866000,2025-05-24T11:46:11.866,100,0,523,0,1,0,0,0,0,0,0,3,0,0,0,0,Piccola Classic,IPT(TSM)-D,,,8,,,Single,,,,,,,,,30,Agitating,10,Diluent - Starch:99.90%;Lubricant - Magnesium Stearate:0.10%
70868000,2025-05-24T11:46:11.868,108,0,544,0,1,0,0,0,0,0,0,3,0,0,0,0,Piccola Classic,IPT(TSM)-D,,,8,,,Single,,,,,,,,,30,Agitating,10,Diluent - Starch:99.90%;Lubricant - Magnesium Stearate:0.10%
70870000,2025-05-24T11:46:11.870,101,0,554,0,1,0,0,0,0,0,0,3,0,0,0,0,Piccola Classic,IPT(TSM)-D,,,8,,,Single,,,,,,,,,30,Agitating,10,Diluent - Starch:99.90%;Lubricant - Magnesium Stearate:0.10%
70872000,2025-05-24T11:46:11.872,120,0,544,0,1,0,0,0,0,0,0,3,0,0,0,0,Piccola Classic,IPT(TSM)-D,,,8,,,Single,,,,,,,,,30,Agitating,10,Diluent - Starch:99.90%;Lubricant - Magnesium Stearate:0.10%
70874000,2025-05-24T11:46:11.874,107,0,554,0,1,0,0,0,0,0,0,3,0,0,0,0,Piccola Classic,IPT(TSM)-D,,,8,,,Single,,,,,,,,,30,Agitating,10,Diluent - Starch:99.90%;Lubricant - Magnesium Stearate:0.10%
70876000,2025-05-24T11:46:11.876,95,0,532,0,1,0,0,0,0,0,0,3,0,0,0,0,Piccola Classic,IPT(TSM)-D,,,8,,,Single,,,,,,,,,30,Agitating,10,Diluent - Starch:99.90%;Lubricant - Magnesium Stearate:0.10%
70878000,2025-05-24T11:46:11.878,109,0,535,0,1,0,0,0,0,0,0,3,0,0,0,0,Piccola Classic,IPT(TSM)-D,,,8,,,Single,,,,,,,,,30,Agitating,10,Diluent - Starch:99.90%;Lubricant - Magnesium Stearate:0.10%
70880000,2025-05-24T11:46:11.880,97,0,508,0,1,0,0,0,0,0,0,3,0,0,0,0,Piccola Classic,IPT(TSM)-D,,,8,,,Single,,,,,,,,,30,Agitating,10,Diluent - Starch:99.90%;Lubricant - Magnesium Stearate:0.10%
70882000,2025-05-24T11:46:11.882,102,0,570,0,1,0,0,0,0,0,0,3,0,0,0,0,Piccola Classic,IPT(TSM)-D,,,8,,,Single,,,,,,,,,30,Agitating,10,Diluent - Starch:99.90%;Lubricant - Magnesium Stearate:0.10%
70884000,2025-05-24T11:46:11.884,113,0,597,0,1,0,0,0,0,0,0,3,0,0,0,0,Piccola Classic,IPT(TSM)-D,,,8,,,Single,,,,,,,,,30,Agitating,10,Diluent - Starch:99.90%;Lubricant - Magnesium Stearate:0.10%
70886000,2025-05-24T11:46:11.886,115,0,525,0,1,0,0,0,0,0,0,3,0,0,0,0,Piccola Classic,IPT(TSM)-D,,,8,,,Single,,,,,,,,,30,Agitating,10,Diluent - Starch:99.90%;Lubricant - Magnesium Stearate:0.10%
70888000,2025-05-24T11:46:11.888,112,0,515,0,1,0,0,0,0,0,0,3,0,0,0,0,Piccola Classic,IPT(TSM)-D,,,8,,,Single,,,,,,,,,30,Agitating,10,Diluent - Starch:99.90%;Lubricant - Magnesium Stearate:0.10%
70890000,2025-05-24T11:46:11.890,106,0,524,0,1,0,0,0,0,0,0,3,0,0,0,0,Piccola Classic,IPT(TSM)-D,,,8,,,Single,,,,,,,,,30,Agitating,10,Diluent - Starch:99.90%;Lubricant - Magnesium Stearate:0.10%
70892000,2025-05-24T11:46:11.892,99,0,539,0,1,0,0,0,0,0,0,3,0,0,0,0,Piccola Classic,IPT(TSM)-D,,,8,,,Single,,,,,,,,,30,Agitating,10,Diluent - Starch:99.90%;Lubricant - Magnesium Stearate:0.10%
70894000,2025-05-24T11:46:11.894,83,0,539,0,1,0,0,0,0,0,0,3,0,0,0,0,Piccola Classic,IPT(TSM)-D,,,8,,,Single,,,,,,,,,30,Agitating,10,Diluent - Starch:99.90%;Lubricant - Magnesium Stearate:0.10%
70896000,2025-05-24T11:46:11.896,98,0,580,0,1,0,0,0,0,0,0,3,0,0,0,0,Piccola Classic,IPT(TSM)-D,,,8,,,Single,,,,,,,,,30,Agitating,10,Diluent - Starch:99.90%;Lubricant - Magnesium Stearate:0.10%
70898000,2025-05-24T11:46:11.898,106,0,559,0,1,0,0,0,0,0,0,3,0,0,0,0,Piccola Classic,IPT(TSM)-D,,,8,,,Single,,,,,,,,,30,Agitating,10,Diluent - Starch:99.90%;Lubricant - Magnesium Stearate:0.10%
70900000,2025-05-24T11:46:11.900,102,0,592,0,1,0,0,0,0,0,0,3,0,0,0,0,Piccola Classic,IPT(TSM)-D,,,8,,,Single,,,,,,,,,30,Agitating,10,Diluent - Starch:99.90%;Lubricant - Magnesium Stearate:0.10%
70902000,2025-05-24T11:46:11.902,96,0,580,0,1,0,0,0,0,0,0,3,0,0,0,0,Piccola Classic,IPT(TSM)-D,,,8,,,Single,,,,,,,,,30,Agitating,10,Diluent - Starch:99.90%;Lubricant - Magnesium Stearate:0.10%
70904000,2025-05-24T11:46:11.904,108,0,529,0,1,0,0,0,0,0,0,3,0,0,0,0,Piccola Classic,IPT(TSM)-D,,,8,,,Single,,,,,,,,,30,Agitating,10,Diluent - Starch:99.90%;Lubricant - Magnesium Stearate:0.10%
70906000,2025-05-24T11:46:11.906,94,0,562,0,1,0,0,0,0,0,0,3,0,0,0,0,Piccola Classic,IPT(TSM)-D,,,8,,,Single,,,,,,,,,30,Agitating,10,Diluent - Starch:99.90%;Lubricant - Magnesium Stearate:0.10%
70908000,2025-05-24T11:46:11.908,98,0,592,0,1,0,0,0,0,0,0,3,0,0,0,0,Piccola Classic,IPT(TSM)-D,,,8,,,Single,,,,,,,,,30,Agitating,10,Diluent - Starch:99.90%;Lubricant - Magnesium Stearate:0.10%
70910000,2025-05-24T11:46:11.910,99,0,515,0,1,0,0,0,0,0,0,3,0,0,0,0,Piccola Classic,IPT(TSM)-D,,,8,,,Single,,,,,,,,,30,Agitating,10,Diluent - Starch:99.90%;Lubricant - Magnesium Stearate:0.10%
70912000,2025-05-24T11:46:11.912,81,0,539,0,1,0,0,0,0,0,0,3,0,0,0,0,Piccola Classic,IPT(TSM)-D,,,8,,,Single,,,,,,,,,30,Agitating,10,Diluent - Starch:99.90%;Lubricant - Magnesium Stearate:0.10%
70914000,2025-05-24T11:46:11.914,107,0,555,0,1,0,0,0,0,0,0,3,0,0,0,0,Piccola Classic,IPT(TSM)-D,,,8,,,Single,,,,,,,,,30,Agitating,10,Diluent - Starch:99.90%;Lubricant - Magnesium Stearate:0.10%
70916000,2025-05-24T11:46:11.916,112,0,518,0,1,0,0,0,0,0,0,3,0,0,0,0,Piccola Classic,IPT(TSM)-D,,,8,,,Single,,,,,,,,,30,Agitating,10,Diluent - Starch:99.90%;Lubricant - Magnesium Stearate:0.10%
70918000,2025-05-24T11:46:11.918,108,0,544,0,1,0,0,0,0,0,0,3,0,0,0,0,Piccola Classic,IPT(TSM)-D,,,8,,,Single,,,,,,,,,30,Agitating,10,Diluent - Starch:99.90%;Lubricant - Magnesium Stearate:0.10%
70920000,2025-05-24T11:46:11.920,100,0,535,0,1,0,0,0,0,0,0,3,0,0,0,0,Piccola Classic,IPT(TSM)-D,,,8,,,Single,,,,,,,,,30,Agitating,10,Diluent - Starch:99.90%;Lubricant - Magnesium Stearate:0.10%
70922000,2025-05-24T11:46:11.922,132,0,511,0,1,0,0,0,0,0,0,3,0,0,0,0,Piccola Classic,IPT(TSM)-D,,,8,,,Single,,,,,,,,,30,Agitating,10,Diluent - Starch:99.90%;Lubricant - Magnesium Stearate:0.10%
70924000,2025-05-24T11:46:11.924,116,0,520,0,1,0,0,0,0,0,0,3,0,0,0,0,Piccola Classic,IPT(TSM)-D,,,8,,,Single,,,,,,,,,30,Agitating,10,Diluent - Starch:99.90%;Lubricant - Magnesium Stearate:0.10%
70926000,2025-05-24T11:46:11.926,112,0,576,0,1,0,0,0,0,0,0,3,0,0,0,0,Piccola Classic,IPT(TSM)-D,,,8,,,Single,,,,,,,,,30,Agitating,10,Diluent - Starch:99.90%;Lubricant - Magnesium Stearate:0.10%
70928000,2025-05-24T11:46:11.928,92,0,546,0,1,0,0,0,0,0,0,3,0,0,0,0,Piccola Classic,IPT(TSM)-D,,,8,,,Single,,,,,,,,,30,Agitating,10,Diluent - Starch:99.90%;Lubricant - Magnesium Stearate:0.10%
70930000,2025-05-24T11:46:11.930,92,0,546,0,1,0,0,0,0,0,0,3,0,0,0,0,Piccola Classic,IPT(TSM)-D,,,8,,,Single,,,,,,,,,30,Agitating,10,Diluent - Starch:99.90%;Lubricant - Magnesium Stearate:0.10%
70932000,2025-05-24T11:46:11.932,87,0,597,0,1,0,0,0,0,0,0,3,0,0,0,0,Piccola Classic,IPT(TSM)-D,,,8,,,Single,,,,,,,,,30,Agitating,10,Diluent - Starch:99.90%;Lubricant - Magnesium Stearate:0.10%
70934000,2025-05-24T11:46:11.934,110,0,545,0,1,0,0,0,0,0,0,3,0,0,0,0,Piccola Classic,IPT(TSM)-D,,,8,,,Single,,,,,,,,,30,Agitating,10,Diluent - Starch:99.90%;Lubricant - Magnesium Stearate:0.10%
70936000,2025-05-24T11:46:11.936,108,0,536,0,1,0,0,0,0,0,0,3,0,0,0,0,Piccola Classic,IPT(TSM)-D,,,8,,,Single,,,,,,,,,30,Agitating,10,Diluent - Starch:99.90%;Lubricant - Magnesium Stearate:0.10%
70938000,2025-05-24T11:46:11.938,98,0,559,0,1,0,0,0,0,0,0,3,0,0,0,0,Piccola Classic,IPT(TSM)-D,,,8,,,Single,,,,,,,,,30,Agitating,10,Diluent - Starch:99.90%;Lubricant - Magnesium Stearate:0.10%
70940000,2025-05-24T11:46:11.940,0,35,528,0,0,1,0,0,0,0,0,3,0,0,0,0,Piccola Classic,IPT(TSM)-D,,,8,,,Single,,,,,,,,,30,Agitating,10,Diluent - Starch:99.90%;Lubricant - Magnesium Stearate:0.10%
70942000,2025-05-24T11:46:11.942,0,26,561,0,0,1,0,0,0,0,0,3,0,0,0,0,Piccola Classic,IPT(TSM)-D,,,8,,,Single,,,,,,,,,30,Agitating,10,Diluent - Starch:99.90%;Lubricant - Magnesium Stearate:0.10%
70944000,2025-05-24T11:46:11.944,0,50,574,0,0,1,0,0,0,0,0,3,0,0,0,0,Piccola Classic,IPT(TSM)-D,,,8,,,Single,,,,,,,,,30,Agitating,10,Diluent - Starch:99.90%;Lubricant - Magnesium Stearate:0.10%
70946000,2025-05-24T11:46:11.946,0,41,520,0,0,1,0,0,0,0,0,3,0,0,0,0,Piccola Classic,IPT(TSM)-D,,,8,,,Single,,,,,,,,,30,Agitating,10,Diluent - Starch:99.90%;Lubricant - Magnesium Stearate:0.10%
70948000,2025-05-24T11:46:11.948,0,39,570,0,0,1,0,0,0,0,0,3,0,0,0,0,Piccola Classic,IPT(TSM)-D,,,8,,,Single,,,,,,,,,30,Agitating,10,Diluent - Starch:99.90%;Lubricant - Magnesium Stearate:0.10%
70950000,2025-05-24T11:46:11.950,0,18,507,0,0,1,0,0,0,0,0,3,0,0,0,0,Piccola Classic,IPT(TSM)-D,,,8,,,Single,,,,,,,,,30,Agitating,10,Diluent - Starch:99.90%;Lubricant - Magnesium Stearate:0.10%
70952000,2025-05-24T11:46:11.952,0,47,596,0,0,1,0,0,0,0,0,3,0,0,0,0,Piccola Classic,IPT(TSM)-D,,,8,,,Single,,,,,,,,,30,Agitating,10,Diluent - Starch:99.90%;Lubricant - Magnesium Stearate:0.10%
70954000,2025-05-24T11:46:11.954,0,43,571,0,0,1,0,0,0,0,0,3,0,0,0,0,Piccola Classic,IPT(TSM)-D,,,8,,,Single,,,,,,,,,30,Agitating,10,Diluent - Starch:99.90%;Lubricant - Magnesium Stearate:0.10%
70956000,2025-05-24T11:46:11.956,0,29,516,0,0,1,0,0,0,0,0,3,0,0,0,0,Piccola Classic,IPT(TSM)-D,,,8,,,Single,,,,,,,,,30,Agitating,10,Diluent - Starch:99.90%;Lubricant - Magnesium Stearate:0.10%
70958000,2025-05-24T11:46:11.958,0,45,547,0,0,1,0,0,0,0,0,3,0,0,0,0,Piccola Classic,IPT(TSM)-D,,,8,,,Single,,,,,,,,,30,Agitating,10,Diluent - Starch:99.90%;Lubricant - Magnesium Stearate:0.10%
70960000,2025-05-24T11:46:11.960,0,48,576,0,0,1,0,0,0,0,0,3,0,0,0,0,Piccola Classic,IPT(TSM)-D,,,8,,,Single,,,,,,,,,30,Agitating,10,Diluent - Starch:99.90%;Lubricant - Magnesium Stearate:0.10%
70962000,2025-05-24T11:46:11.962,0,23,511,0,0,1,0,0,0,0,0,3,0,0,0,0,Piccola Classic,IPT(TSM)-D,,,8,,,Single,,,,,,,,,30,Agitating,10,Diluent - Starch:99.90%;Lubricant - Magnesium Stearate:0.10%
70964000,2025-05-24T11:46:11.964,0,35,537,0,0,1,0,0,0,0,0,3,0,0,0,0,Piccola Classic,IPT(TSM)-D,,,8,,,Single,,,,,,,,,30,Agitating,10,Diluent - Starch:99.90%;Lubricant - Magnesium Stearate:0.10%
70966000,2025-05-24T11:46:11.966,0,29,529,0,0,1,0,0,0,0,0,3,0,0,0,0,Piccola Classic,IPT(TSM)-D,,,8,,,Single,,,,,,,,,30,Agitating,10,Diluent - Starch:99.90%;Lubricant - Magnesium Stearate:0.10%
70968000,2025-05-24T11:46:11.968,0,53,587,0,0,1,0,0,0,0,0,3,0,0,0,0,Piccola Classic,IPT(TSM)-D,,,8,,,Single,,,,,,,,,30,Agitating,10,Diluent - Starch:99.90%;Lubricant - Magnesium Stearate:0.10%
70970000,2025-05-24T11:46:11.970,0,46,583,0,0,1,0,0,0,0,0,3,0,0,0,0,Piccola Classic,IPT(TSM)-D,,,8,,,Single,,,,,,,,,30,Agitating,10,Diluent - Starch:99.90%;Lubricant - Magnesium Stearate:0.10%
70972000,2025-05-24T11:46:11.972,0,57,563,0,0,1,0,0,0,0,0,3,0,0,0,0,Piccola Classic,IPT(TSM)-D,,,8,,,Single,,,,,,,,,30,Agitating,10,Diluent - Starch:99.90%;Lubricant - Magnesium Stearate:0.10%
70974000,2025-05-24T11:46:11.974,0,37,559,0,0,1,0,0,0,0,0,3,0,0,0,0,Piccola Classic,IPT(TSM)-D,,,8,,,Single,,,,,,,,,30,Agitating,10,Diluent - Starch:99.90%;Lubricant - Magnesium Stearate:0.10%
70976000,2025-05-24T11:46:11.976,0,52,579,0,0,1,0,0,0,0,0,3,0,0,0,0,Piccola Classic,IPT(TSM)-D,,,8,,,Single,,,,,,,,,30,Agitating,10,Diluent - Starch:99.90%;Lubricant - Magnesium Stearate:0.10%
70978000,2025-05-24T11:46:11.978,0,49,585,0,0,1,0,0,0,0,0,3,0,0,0,0,Piccola Classic,IPT(TSM)-D,,,8,,,Single,,,,,,,,,30,Agitating,10,Diluent - Starch:99.90%;Lubricant - Magnesium Stearate:0.10%
70980000,2025-05-24T11:46:11.980,0,43,597,0,0,1,0,0,0,0,0,3,0,0,0,0,Piccola Classic,IPT(TSM)-D,,,8,,,Single,,,,,,,,,30,Agitating,10,Diluent - Starch:99.90%;Lubricant - Magnesium Stearate:0.10%
70982000,2025-05-24T11:46:11.982,0,21,562,0,0,1,0,0,0,0,0,3,0,0,0,0,Piccola Classic,IPT(TSM)-D,,,8,,,Single,,,,,,,,,30,Agitating,10,Diluent - Starch:99.90%;Lubricant - Magnesium Stearate:0.10%
70984000,2025-05-24T11:46:11.984,0,41,538,0,0,1,0,0,0,0,0,3,0,0,0,0,Piccola Classic,IPT(TSM)-D,,,8,,,Single,,,,,,,,,30,Agitating,10,Diluent - Starch:99.90%;Lubricant - Magnesium Stearate:0.10%
70986000,2025-05-24T11:46:11.986,0,45,567,0,0,1,0,0,0,0,0,3,0,0,0,0,Piccola Classic,IPT(TSM)-D,,,8,,,Single,,,,,,,,,30,Agitating,10,Diluent - Starch:99.90%;Lubricant - Magnesium Stearate:0.10%
70988000,2025-05-24T11:46:11.988,0,53,560,0,0,1,0,0,0,0,0,3,0,0,0,0,Piccola Classic,IPT(TSM)-D,,,8,,,Single,,,,,,,,,30,Agitating,10,Diluent - Starch:99.90%;Lubricant - Magnesium Stearate:0.10%
70990000,2025-05-24T11:46:11.990,0,24,516,0,0,1,0,0,0,0,0,3,0,0,0,0,Piccola Classic,IPT(TSM)-D,,,8,,,Single,,,,,,,,,30,Agitating,10,Diluent - Starch:99.90%;Lubricant - Magnesium Stearate:0.10%
70992000,2025-05-24T11:46:11.992,0,28,594,0,0,1,0,0,0,0,0,3,0,0,0,0,Piccola Classic,IPT(TSM)-D,,,8,,,Single,,,,,,,,,30,Agitating,10,Diluent - Starch:99.90%;Lubricant - Magnesium Stearate:0.10%
70994000,2025-05-24T11:46:11.994,0,41,596,0,0,1,0,0,0,0,0,3,0,0,0,0,Piccola Classic,IPT(TSM)-D,,,8,,,Single,,,,,,,,,30,Agitating,10,Diluent - Starch:99.90%;Lubricant - Magnesium Stearate:0.10%
