timestamp,actualtime(ms),compr1data,compr2data,ejectdata,precompdata,compr1punchno,compr2punchno,ejectpunchno,precomppunchno,punch1-sticking,punch2-sticking,punch3-sticking,punch4-sticking,punch5-sticking,punch6-sticking,punch7-sticking,punch8-sticking,pressname,punchtype,headflatradius,rimradius,numberofstations,numberofsides,maxtabletrate,layers,maincomprollerradius1,maincomprollerradius2,maincomprollerradius3,turretpitchcircleradius,precomprollerradius,anglebetweenpreandmain,anglebetweenmainandeject,ejectionangle,turretspeed,feedertype,feederspeed,materialsinformation,relative_time,absolute_time,datetime,time_str,compression_force_1,compression_force_2,ejection_force,pre_compression_force,sticking,normal
86520000,2025-05-24T11:46:27.520,97,0,547,0,1,0,0,0,0,0,0,3,0,0,0,0,Piccola Classic,IPT(TSM)-D,,,8,,,Single,,,,,,,,,30,Agitating,10,Diluent - Starch:99.90%;Lubricant - Magnesium Stearate:0.10%,0.0,86520000,2025-05-24 11:46:27.520,11:46:27.520000,97,0,547,0,3,0
86522000,2025-05-24T11:46:27.522,101,0,543,0,1,0,0,0,0,0,0,3,0,0,0,0,Piccola Classic,IPT(TSM)-D,,,8,,,Single,,,,,,,,,30,Agitating,10,Diluent - Starch:99.90%;Lubricant - Magnesium Stearate:0.10%,2.0,86522000,2025-05-24 11:46:27.522,11:46:27.522000,101,0,543,0,3,0
86524000,2025-05-24T11:46:27.524,93,0,511,0,1,0,0,0,0,0,0,3,0,0,0,0,Piccola Classic,IPT(TSM)-D,,,8,,,Single,,,,,,,,,30,Agitating,10,Diluent - Starch:99.90%;Lubricant - Magnesium Stearate:0.10%,4.0,86524000,2025-05-24 11:46:27.524,11:46:27.524000,93,0,511,0,3,0
86526000,2025-05-24T11:46:27.526,103,0,551,0,1,0,0,0,0,0,0,3,0,0,0,0,Piccola Classic,IPT(TSM)-D,,,8,,,Single,,,,,,,,,30,Agitating,10,Diluent - Starch:99.90%;Lubricant - Magnesium Stearate:0.10%,6.0,86526000,2025-05-24 11:46:27.526,11:46:27.526000,103,0,551,0,3,0
86528000,2025-05-24T11:46:27.528,91,0,511,0,1,0,0,0,0,0,0,3,0,0,0,0,Piccola Classic,IPT(TSM)-D,,,8,,,Single,,,,,,,,,30,Agitating,10,Diluent - Starch:99.90%;Lubricant - Magnesium Stearate:0.10%,8.0,86528000,2025-05-24 11:46:27.528,11:46:27.528000,91,0,511,0,3,0
86530000,2025-05-24T11:46:27.530,105,0,564,0,1,0,0,0,0,0,0,3,0,0,0,0,Piccola Classic,IPT(TSM)-D,,,8,,,Single,,,,,,,,,30,Agitating,10,Diluent - Starch:99.90%;Lubricant - Magnesium Stearate:0.10%,10.0,86530000,2025-05-24 11:46:27.530,11:46:27.530000,105,0,564,0,3,0
86532000,2025-05-24T11:46:27.532,105,0,538,0,1,0,0,0,0,0,0,3,0,0,0,0,Piccola Classic,IPT(TSM)-D,,,8,,,Single,,,,,,,,,30,Agitating,10,Diluent - Starch:99.90%;Lubricant - Magnesium Stearate:0.10%,12.0,86532000,2025-05-24 11:46:27.532,11:46:27.532000,105,0,538,0,3,0
86534000,2025-05-24T11:46:27.534,123,0,549,0,1,0,0,0,0,0,0,3,0,0,0,0,Piccola Classic,IPT(TSM)-D,,,8,,,Single,,,,,,,,,30,Agitating,10,Diluent - Starch:99.90%;Lubricant - Magnesium Stearate:0.10%,14.0,86534000,2025-05-24 11:46:27.534,11:46:27.534000,123,0,549,0,3,0
86536000,2025-05-24T11:46:27.536,95,0,537,0,1,0,0,0,0,0,0,3,0,0,0,0,Piccola Classic,IPT(TSM)-D,,,8,,,Single,,,,,,,,,30,Agitating,10,Diluent - Starch:99.90%;Lubricant - Magnesium Stearate:0.10%,16.0,86536000,2025-05-24 11:46:27.536,11:46:27.536000,95,0,537,0,3,0
86538000,2025-05-24T11:46:27.538,86,0,525,0,1,0,0,0,0,0,0,3,0,0,0,0,Piccola Classic,IPT(TSM)-D,,,8,,,Single,,,,,,,,,30,Agitating,10,Diluent - Starch:99.90%;Lubricant - Magnesium Stearate:0.10%,18.0,86538000,2025-05-24 11:46:27.538,11:46:27.538000,86,0,525,0,3,0
86540000,2025-05-24T11:46:27.540,0,48,576,0,0,1,0,0,0,0,0,3,0,0,0,0,Piccola Classic,IPT(TSM)-D,,,8,,,Single,,,,,,,,,30,Agitating,10,Diluent - Starch:99.90%;Lubricant - Magnesium Stearate:0.10%,20.0,86540000,2025-05-24 11:46:27.540,11:46:27.540000,0,48,576,0,3,0
86542000,2025-05-24T11:46:27.542,0,56,541,0,0,1,0,0,0,0,0,3,0,0,0,0,Piccola Classic,IPT(TSM)-D,,,8,,,Single,,,,,,,,,30,Agitating,10,Diluent - Starch:99.90%;Lubricant - Magnesium Stearate:0.10%,22.0,86542000,2025-05-24 11:46:27.542,11:46:27.542000,0,56,541,0,3,0
86544000,2025-05-24T11:46:27.544,0,73,518,0,0,1,0,0,0,0,0,3,0,0,0,0,Piccola Classic,IPT(TSM)-D,,,8,,,Single,,,,,,,,,30,Agitating,10,Diluent - Starch:99.90%;Lubricant - Magnesium Stearate:0.10%,24.0,86544000,2025-05-24 11:46:27.544,11:46:27.544000,0,73,518,0,3,0
86546000,2025-05-24T11:46:27.546,0,53,576,0,0,1,0,0,0,0,0,3,0,0,0,0,Piccola Classic,IPT(TSM)-D,,,8,,,Single,,,,,,,,,30,Agitating,10,Diluent - Starch:99.90%;Lubricant - Magnesium Stearate:0.10%,26.0,86546000,2025-05-24 11:46:27.546,11:46:27.546000,0,53,576,0,3,0
86548000,2025-05-24T11:46:27.548,0,35,516,0,0,1,0,0,0,0,0,3,0,0,0,0,Piccola Classic,IPT(TSM)-D,,,8,,,Single,,,,,,,,,30,Agitating,10,Diluent - Starch:99.90%;Lubricant - Magnesium Stearate:0.10%,28.0,86548000,2025-05-24 11:46:27.548,11:46:27.548000,0,35,516,0,3,0
86550000,2025-05-24T11:46:27.550,0,34,531,0,0,1,0,0,0,0,0,3,0,0,0,0,Piccola Classic,IPT(TSM)-D,,,8,,,Single,,,,,,,,,30,Agitating,10,Diluent - Starch:99.90%;Lubricant - Magnesium Stearate:0.10%,30.0,86550000,2025-05-24 11:46:27.550,11:46:27.550000,0,34,531,0,3,0
86552000,2025-05-24T11:46:27.552,0,46,580,0,0,1,0,0,0,0,0,3,0,0,0,0,Piccola Classic,IPT(TSM)-D,,,8,,,Single,,,,,,,,,30,Agitating,10,Diluent - Starch:99.90%;Lubricant - Magnesium Stearate:0.10%,32.0,86552000,2025-05-24 11:46:27.552,11:46:27.552000,0,46,580,0,3,0
86554000,2025-05-24T11:46:27.554,0,32,574,0,0,1,0,0,0,0,0,3,0,0,0,0,Piccola Classic,IPT(TSM)-D,,,8,,,Single,,,,,,,,,30,Agitating,10,Diluent - Starch:99.90%;Lubricant - Magnesium Stearate:0.10%,34.0,86554000,2025-05-24 11:46:27.554,11:46:27.554000,0,32,574,0,3,0
86556000,2025-05-24T11:46:27.556,0,46,557,0,0,1,0,0,0,0,0,3,0,0,0,0,Piccola Classic,IPT(TSM)-D,,,8,,,Single,,,,,,,,,30,Agitating,10,Diluent - Starch:99.90%;Lubricant - Magnesium Stearate:0.10%,36.0,86556000,2025-05-24 11:46:27.556,11:46:27.556000,0,46,557,0,3,0
86558000,2025-05-24T11:46:27.558,0,37,533,0,0,1,0,0,0,0,0,3,0,0,0,0,Piccola Classic,IPT(TSM)-D,,,8,,,Single,,,,,,,,,30,Agitating,10,Diluent - Starch:99.90%;Lubricant - Magnesium Stearate:0.10%,38.0,86558000,2025-05-24 11:46:27.558,11:46:27.558000,0,37,533,0,3,0
86560000,2025-05-24T11:46:27.560,0,40,585,0,0,1,0,0,0,0,0,3,0,0,0,0,Piccola Classic,IPT(TSM)-D,,,8,,,Single,,,,,,,,,30,Agitating,10,Diluent - Starch:99.90%;Lubricant - Magnesium Stearate:0.10%,40.0,86560000,2025-05-24 11:46:27.560,11:46:27.560000,0,40,585,0,3,0
86562000,2025-05-24T11:46:27.562,0,40,575,0,0,1,0,0,0,0,0,3,0,0,0,0,Piccola Classic,IPT(TSM)-D,,,8,,,Single,,,,,,,,,30,Agitating,10,Diluent - Starch:99.90%;Lubricant - Magnesium Stearate:0.10%,42.0,86562000,2025-05-24 11:46:27.562,11:46:27.562000,0,40,575,0,3,0
86564000,2025-05-24T11:46:27.564,0,49,586,0,0,1,0,0,0,0,0,3,0,0,0,0,Piccola Classic,IPT(TSM)-D,,,8,,,Single,,,,,,,,,30,Agitating,10,Diluent - Starch:99.90%;Lubricant - Magnesium Stearate:0.10%,44.0,86564000,2025-05-24 11:46:27.564,11:46:27.564000,0,49,586,0,3,0
86566000,2025-05-24T11:46:27.566,0,18,556,0,0,1,0,0,0,0,0,3,0,0,0,0,Piccola Classic,IPT(TSM)-D,,,8,,,Single,,,,,,,,,30,Agitating,10,Diluent - Starch:99.90%;Lubricant - Magnesium Stearate:0.10%,46.0,86566000,2025-05-24 11:46:27.566,11:46:27.566000,0,18,556,0,3,0
86568000,2025-05-24T11:46:27.568,0,55,530,0,0,1,0,0,0,0,0,3,0,0,0,0,Piccola Classic,IPT(TSM)-D,,,8,,,Single,,,,,,,,,30,Agitating,10,Diluent - Starch:99.90%;Lubricant - Magnesium Stearate:0.10%,48.0,86568000,2025-05-24 11:46:27.568,11:46:27.568000,0,55,530,0,3,0
86570000,2025-05-24T11:46:27.570,0,39,593,0,0,1,0,0,0,0,0,3,0,0,0,0,Piccola Classic,IPT(TSM)-D,,,8,,,Single,,,,,,,,,30,Agitating,10,Diluent - Starch:99.90%;Lubricant - Magnesium Stearate:0.10%,50.0,86570000,2025-05-24 11:46:27.570,11:46:27.570000,0,39,593,0,3,0
86572000,2025-05-24T11:46:27.572,0,40,512,0,0,1,0,0,0,0,0,3,0,0,0,0,Piccola Classic,IPT(TSM)-D,,,8,,,Single,,,,,,,,,30,Agitating,10,Diluent - Starch:99.90%;Lubricant - Magnesium Stearate:0.10%,52.0,86572000,2025-05-24 11:46:27.572,11:46:27.572000,0,40,512,0,3,0
86574000,2025-05-24T11:46:27.574,0,43,571,0,0,1,0,0,0,0,0,3,0,0,0,0,Piccola Classic,IPT(TSM)-D,,,8,,,Single,,,,,,,,,30,Agitating,10,Diluent - Starch:99.90%;Lubricant - Magnesium Stearate:0.10%,54.0,86574000,2025-05-24 11:46:27.574,11:46:27.574000,0,43,571,0,3,0
86576000,2025-05-24T11:46:27.576,0,38,572,0,0,1,0,0,0,0,0,3,0,0,0,0,Piccola Classic,IPT(TSM)-D,,,8,,,Single,,,,,,,,,30,Agitating,10,Diluent - Starch:99.90%;Lubricant - Magnesium Stearate:0.10%,56.0,86576000,2025-05-24 11:46:27.576,11:46:27.576000,0,38,572,0,3,0
86578000,2025-05-24T11:46:27.578,0,43,568,0,0,1,0,0,0,0,0,3,0,0,0,0,Piccola Classic,IPT(TSM)-D,,,8,,,Single,,,,,,,,,30,Agitating,10,Diluent - Starch:99.90%;Lubricant - Magnesium Stearate:0.10%,58.0,86578000,2025-05-24 11:46:27.578,11:46:27.578000,0,43,568,0,3,0
86580000,2025-05-24T11:46:27.580,0,33,582,0,0,1,0,0,0,0,0,3,0,0,0,0,Piccola Classic,IPT(TSM)-D,,,8,,,Single,,,,,,,,,30,Agitating,10,Diluent - Starch:99.90%;Lubricant - Magnesium Stearate:0.10%,60.0,86580000,2025-05-24 11:46:27.580,11:46:27.580000,0,33,582,0,3,0
86582000,2025-05-24T11:46:27.582,0,50,587,0,0,1,0,0,0,0,0,3,0,0,0,0,Piccola Classic,IPT(TSM)-D,,,8,,,Single,,,,,,,,,30,Agitating,10,Diluent - Starch:99.90%;Lubricant - Magnesium Stearate:0.10%,62.0,86582000,2025-05-24 11:46:27.582,11:46:27.582000,0,50,587,0,3,0
86584000,2025-05-24T11:46:27.584,0,48,547,0,0,1,0,0,0,0,0,3,0,0,0,0,Piccola Classic,IPT(TSM)-D,,,8,,,Single,,,,,,,,,30,Agitating,10,Diluent - Starch:99.90%;Lubricant - Magnesium Stearate:0.10%,64.0,86584000,2025-05-24 11:46:27.584,11:46:27.584000,0,48,547,0,3,0
86586000,2025-05-24T11:46:27.586,0,32,591,0,0,1,0,0,0,0,0,3,0,0,0,0,Piccola Classic,IPT(TSM)-D,,,8,,,Single,,,,,,,,,30,Agitating,10,Diluent - Starch:99.90%;Lubricant - Magnesium Stearate:0.10%,66.0,86586000,2025-05-24 11:46:27.586,11:46:27.586000,0,32,591,0,3,0
86588000,2025-05-24T11:46:27.588,0,51,513,0,0,1,0,0,0,0,0,3,0,0,0,0,Piccola Classic,IPT(TSM)-D,,,8,,,Single,,,,,,,,,30,Agitating,10,Diluent - Starch:99.90%;Lubricant - Magnesium Stearate:0.10%,68.0,86588000,2025-05-24 11:46:27.588,11:46:27.588000,0,51,513,0,3,0
86590000,2025-05-24T11:46:27.590,0,25,560,0,0,1,0,0,0,0,0,3,0,0,0,0,Piccola Classic,IPT(TSM)-D,,,8,,,Single,,,,,,,,,30,Agitating,10,Diluent - Starch:99.90%;Lubricant - Magnesium Stearate:0.10%,70.0,86590000,2025-05-24 11:46:27.590,11:46:27.590000,0,25,560,0,3,0
86592000,2025-05-24T11:46:27.592,0,46,571,0,0,1,0,0,0,0,0,3,0,0,0,0,Piccola Classic,IPT(TSM)-D,,,8,,,Single,,,,,,,,,30,Agitating,10,Diluent - Starch:99.90%;Lubricant - Magnesium Stearate:0.10%,72.0,86592000,2025-05-24 11:46:27.592,11:46:27.592000,0,46,571,0,3,0
86594000,2025-05-24T11:46:27.594,0,29,596,0,0,1,0,0,0,0,0,3,0,0,0,0,Piccola Classic,IPT(TSM)-D,,,8,,,Single,,,,,,,,,30,Agitating,10,Diluent - Starch:99.90%;Lubricant - Magnesium Stearate:0.10%,74.0,86594000,2025-05-24 11:46:27.594,11:46:27.594000,0,29,596,0,3,0
86596000,2025-05-24T11:46:27.596,0,36,579,0,0,1,0,0,0,0,0,3,0,0,0,0,Piccola Classic,IPT(TSM)-D,,,8,,,Single,,,,,,,,,30,Agitating,10,Diluent - Starch:99.90%;Lubricant - Magnesium Stearate:0.10%,76.0,86596000,2025-05-24 11:46:27.596,11:46:27.596000,0,36,579,0,3,0
86598000,2025-05-24T11:46:27.598,0,33,538,0,0,1,0,0,0,0,0,3,0,0,0,0,Piccola Classic,IPT(TSM)-D,,,8,,,Single,,,,,,,,,30,Agitating,10,Diluent - Starch:99.90%;Lubricant - Magnesium Stearate:0.10%,78.0,86598000,2025-05-24 11:46:27.598,11:46:27.598000,0,33,538,0,3,0
86600000,2025-05-24T11:46:27.600,0,31,522,0,0,1,0,0,0,0,0,3,0,0,0,0,Piccola Classic,IPT(TSM)-D,,,8,,,Single,,,,,,,,,30,Agitating,10,Diluent - Starch:99.90%;Lubricant - Magnesium Stearate:0.10%,80.0,86600000,2025-05-24 11:46:27.600,11:46:27.600000,0,31,522,0,3,0
86602000,2025-05-24T11:46:27.602,0,56,534,0,0,1,0,0,0,0,0,3,0,0,0,0,Piccola Classic,IPT(TSM)-D,,,8,,,Single,,,,,,,,,30,Agitating,10,Diluent - Starch:99.90%;Lubricant - Magnesium Stearate:0.10%,82.0,86602000,2025-05-24 11:46:27.602,11:46:27.602000,0,56,534,0,3,0
86604000,2025-05-24T11:46:27.604,0,36,570,0,0,1,0,0,0,0,0,3,0,0,0,0,Piccola Classic,IPT(TSM)-D,,,8,,,Single,,,,,,,,,30,Agitating,10,Diluent - Starch:99.90%;Lubricant - Magnesium Stearate:0.10%,84.0,86604000,2025-05-24 11:46:27.604,11:46:27.604000,0,36,570,0,3,0
86606000,2025-05-24T11:46:27.606,0,36,510,0,0,1,0,0,0,0,0,3,0,0,0,0,Piccola Classic,IPT(TSM)-D,,,8,,,Single,,,,,,,,,30,Agitating,10,Diluent - Starch:99.90%;Lubricant - Magnesium Stearate:0.10%,86.0,86606000,2025-05-24 11:46:27.606,11:46:27.606000,0,36,510,0,3,0
86608000,2025-05-24T11:46:27.608,0,39,561,0,0,1,0,0,0,0,0,3,0,0,0,0,Piccola Classic,IPT(TSM)-D,,,8,,,Single,,,,,,,,,30,Agitating,10,Diluent - Starch:99.90%;Lubricant - Magnesium Stearate:0.10%,88.0,86608000,2025-05-24 11:46:27.608,11:46:27.608000,0,39,561,0,3,0
86610000,2025-05-24T11:46:27.610,0,44,579,0,0,1,0,0,0,0,0,3,0,0,0,0,Piccola Classic,IPT(TSM)-D,,,8,,,Single,,,,,,,,,30,Agitating,10,Diluent - Starch:99.90%;Lubricant - Magnesium Stearate:0.10%,90.0,86610000,2025-05-24 11:46:27.610,11:46:27.610000,0,44,579,0,3,0
86612000,2025-05-24T11:46:27.612,0,40,596,0,0,1,0,0,0,0,0,3,0,0,0,0,Piccola Classic,IPT(TSM)-D,,,8,,,Single,,,,,,,,,30,Agitating,10,Diluent - Starch:99.90%;Lubricant - Magnesium Stearate:0.10%,92.0,86612000,2025-05-24 11:46:27.612,11:46:27.612000,0,40,596,0,3,0
86614000,2025-05-24T11:46:27.614,0,48,568,0,0,1,0,0,0,0,0,3,0,0,0,0,Piccola Classic,IPT(TSM)-D,,,8,,,Single,,,,,,,,,30,Agitating,10,Diluent - Starch:99.90%;Lubricant - Magnesium Stearate:0.10%,94.0,86614000,2025-05-24 11:46:27.614,11:46:27.614000,0,48,568,0,3,0
86616000,2025-05-24T11:46:27.616,0,47,598,0,0,1,0,0,0,0,0,3,0,0,0,0,Piccola Classic,IPT(TSM)-D,,,8,,,Single,,,,,,,,,30,Agitating,10,Diluent - Starch:99.90%;Lubricant - Magnesium Stearate:0.10%,96.0,86616000,2025-05-24 11:46:27.616,11:46:27.616000,0,47,598,0,3,0
86618000,2025-05-24T11:46:27.618,0,56,510,0,0,1,0,0,0,0,0,3,0,0,0,0,Piccola Classic,IPT(TSM)-D,,,8,,,Single,,,,,,,,,30,Agitating,10,Diluent - Starch:99.90%;Lubricant - Magnesium Stearate:0.10%,98.0,86618000,2025-05-24 11:46:27.618,11:46:27.618000,0,56,510,0,3,0
86620000,2025-05-24T11:46:27.620,0,0,784,0,0,0,1,0,0,0,0,3,0,0,0,0,Piccola Classic,IPT(TSM)-D,,,8,,,Single,,,,,,,,,30,Agitating,10,Diluent - Starch:99.90%;Lubricant - Magnesium Stearate:0.10%,100.0,86620000,2025-05-24 11:46:27.620,11:46:27.620000,0,0,784,0,3,0
86622000,2025-05-24T11:46:27.622,0,0,654,0,0,0,1,0,0,0,0,3,0,0,0,0,Piccola Classic,IPT(TSM)-D,,,8,,,Single,,,,,,,,,30,Agitating,10,Diluent - Starch:99.90%;Lubricant - Magnesium Stearate:0.10%,102.0,86622000,2025-05-24 11:46:27.622,11:46:27.622000,0,0,654,0,3,0
86624000,2025-05-24T11:46:27.624,0,0,803,0,0,0,1,0,0,0,0,3,0,0,0,0,Piccola Classic,IPT(TSM)-D,,,8,,,Single,,,,,,,,,30,Agitating,10,Diluent - Starch:99.90%;Lubricant - Magnesium Stearate:0.10%,104.0,86624000,2025-05-24 11:46:27.624,11:46:27.624000,0,0,803,0,3,0
86626000,2025-05-24T11:46:27.626,0,0,910,0,0,0,1,0,0,0,0,3,0,0,0,0,Piccola Classic,IPT(TSM)-D,,,8,,,Single,,,,,,,,,30,Agitating,10,Diluent - Starch:99.90%;Lubricant - Magnesium Stearate:0.10%,106.0,86626000,2025-05-24 11:46:27.626,11:46:27.626000,0,0,910,0,3,0
86628000,2025-05-24T11:46:27.628,0,0,800,0,0,0,1,0,0,0,0,3,0,0,0,0,Piccola Classic,IPT(TSM)-D,,,8,,,Single,,,,,,,,,30,Agitating,10,Diluent - Starch:99.90%;Lubricant - Magnesium Stearate:0.10%,108.0,86628000,2025-05-24 11:46:27.628,11:46:27.628000,0,0,800,0,3,0
86630000,2025-05-24T11:46:27.630,0,0,799,0,0,0,1,0,0,0,0,3,0,0,0,0,Piccola Classic,IPT(TSM)-D,,,8,,,Single,,,,,,,,,30,Agitating,10,Diluent - Starch:99.90%;Lubricant - Magnesium Stearate:0.10%,110.0,86630000,2025-05-24 11:46:27.630,11:46:27.630000,0,0,799,0,3,0
86632000,2025-05-24T11:46:27.632,0,0,610,0,0,0,1,0,0,0,0,3,0,0,0,0,Piccola Classic,IPT(TSM)-D,,,8,,,Single,,,,,,,,,30,Agitating,10,Diluent - Starch:99.90%;Lubricant - Magnesium Stearate:0.10%,112.0,86632000,2025-05-24 11:46:27.632,11:46:27.632000,0,0,610,0,3,0
86634000,2025-05-24T11:46:27.634,0,0,675,0,0,0,1,0,0,0,0,3,0,0,0,0,Piccola Classic,IPT(TSM)-D,,,8,,,Single,,,,,,,,,30,Agitating,10,Diluent - Starch:99.90%;Lubricant - Magnesium Stearate:0.10%,114.0,86634000,2025-05-24 11:46:27.634,11:46:27.634000,0,0,675,0,3,0
86636000,2025-05-24T11:46:27.636,0,0,807,0,0,0,1,0,0,0,0,3,0,0,0,0,Piccola Classic,IPT(TSM)-D,,,8,,,Single,,,,,,,,,30,Agitating,10,Diluent - Starch:99.90%;Lubricant - Magnesium Stearate:0.10%,116.0,86636000,2025-05-24 11:46:27.636,11:46:27.636000,0,0,807,0,3,0
86638000,2025-05-24T11:46:27.638,0,0,840,0,0,0,1,0,0,0,0,3,0,0,0,0,Piccola Classic,IPT(TSM)-D,,,8,,,Single,,,,,,,,,30,Agitating,10,Diluent - Starch:99.90%;Lubricant - Magnesium Stearate:0.10%,118.0,86638000,2025-05-24 11:46:27.638,11:46:27.638000,0,0,840,0,3,0
86640000,2025-05-24T11:46:27.640,0,0,656,0,0,0,1,0,0,0,0,3,0,0,0,0,Piccola Classic,IPT(TSM)-D,,,8,,,Single,,,,,,,,,30,Agitating,10,Diluent - Starch:99.90%;Lubricant - Magnesium Stearate:0.10%,120.0,86640000,2025-05-24 11:46:27.640,11:46:27.640000,0,0,656,0,3,0
86642000,2025-05-24T11:46:27.642,0,0,765,0,0,0,1,0,0,0,0,3,0,0,0,0,Piccola Classic,IPT(TSM)-D,,,8,,,Single,,,,,,,,,30,Agitating,10,Diluent - Starch:99.90%;Lubricant - Magnesium Stearate:0.10%,122.0,86642000,2025-05-24 11:46:27.642,11:46:27.642000,0,0,765,0,3,0
86644000,2025-05-24T11:46:27.644,0,0,866,0,0,0,1,0,0,0,0,3,0,0,0,0,Piccola Classic,IPT(TSM)-D,,,8,,,Single,,,,,,,,,30,Agitating,10,Diluent - Starch:99.90%;Lubricant - Magnesium Stearate:0.10%,124.0,86644000,2025-05-24 11:46:27.644,11:46:27.644000,0,0,866,0,3,0
86646000,2025-05-24T11:46:27.646,0,0,769,0,0,0,1,0,0,0,0,3,0,0,0,0,Piccola Classic,IPT(TSM)-D,,,8,,,Single,,,,,,,,,30,Agitating,10,Diluent - Starch:99.90%;Lubricant - Magnesium Stearate:0.10%,126.0,86646000,2025-05-24 11:46:27.646,11:46:27.646000,0,0,769,0,3,0
86648000,2025-05-24T11:46:27.648,0,0,815,0,0,0,1,0,0,0,0,3,0,0,0,0,Piccola Classic,IPT(TSM)-D,,,8,,,Single,,,,,,,,,30,Agitating,10,Diluent - Starch:99.90%;Lubricant - Magnesium Stearate:0.10%,128.0,86648000,2025-05-24 11:46:27.648,11:46:27.648000,0,0,815,0,3,0
86650000,2025-05-24T11:46:27.650,0,0,811,0,0,0,1,0,0,0,0,3,0,0,0,0,Piccola Classic,IPT(TSM)-D,,,8,,,Single,,,,,,,,,30,Agitating,10,Diluent - Starch:99.90%;Lubricant - Magnesium Stearate:0.10%,130.0,86650000,2025-05-24 11:46:27.650,11:46:27.650000,0,0,811,0,3,0
86652000,2025-05-24T11:46:27.652,0,0,630,0,0,0,1,0,0,0,0,3,0,0,0,0,Piccola Classic,IPT(TSM)-D,,,8,,,Single,,,,,,,,,30,Agitating,10,Diluent - Starch:99.90%;Lubricant - Magnesium Stearate:0.10%,132.0,86652000,2025-05-24 11:46:27.652,11:46:27.652000,0,0,630,0,3,0
86654000,2025-05-24T11:46:27.654,0,0,626,0,0,0,1,0,0,0,0,3,0,0,0,0,Piccola Classic,IPT(TSM)-D,,,8,,,Single,,,,,,,,,30,Agitating,10,Diluent - Starch:99.90%;Lubricant - Magnesium Stearate:0.10%,134.0,86654000,2025-05-24 11:46:27.654,11:46:27.654000,0,0,626,0,3,0
86656000,2025-05-24T11:46:27.656,0,0,611,0,0,0,1,0,0,0,0,3,0,0,0,0,Piccola Classic,IPT(TSM)-D,,,8,,,Single,,,,,,,,,30,Agitating,10,Diluent - Starch:99.90%;Lubricant - Magnesium Stearate:0.10%,136.0,86656000,2025-05-24 11:46:27.656,11:46:27.656000,0,0,611,0,3,0
86658000,2025-05-24T11:46:27.658,0,0,890,0,0,0,1,0,0,0,0,3,0,0,0,0,Piccola Classic,IPT(TSM)-D,,,8,,,Single,,,,,,,,,30,Agitating,10,Diluent - Starch:99.90%;Lubricant - Magnesium Stearate:0.10%,138.0,86658000,2025-05-24 11:46:27.658,11:46:27.658000,0,0,890,0,3,0
86660000,2025-05-24T11:46:27.660,0,0,759,0,0,0,1,0,0,0,0,3,0,0,0,0,Piccola Classic,IPT(TSM)-D,,,8,,,Single,,,,,,,,,30,Agitating,10,Diluent - Starch:99.90%;Lubricant - Magnesium Stearate:0.10%,140.0,86660000,2025-05-24 11:46:27.660,11:46:27.660000,0,0,759,0,3,0
86662000,2025-05-24T11:46:27.662,0,0,723,0,0,0,1,0,0,0,0,3,0,0,0,0,Piccola Classic,IPT(TSM)-D,,,8,,,Single,,,,,,,,,30,Agitating,10,Diluent - Starch:99.90%;Lubricant - Magnesium Stearate:0.10%,142.0,86662000,2025-05-24 11:46:27.662,11:46:27.662000,0,0,723,0,3,0
86664000,2025-05-24T11:46:27.664,0,0,734,0,0,0,1,0,0,0,0,3,0,0,0,0,Piccola Classic,IPT(TSM)-D,,,8,,,Single,,,,,,,,,30,Agitating,10,Diluent - Starch:99.90%;Lubricant - Magnesium Stearate:0.10%,144.0,86664000,2025-05-24 11:46:27.664,11:46:27.664000,0,0,734,0,3,0
86666000,2025-05-24T11:46:27.666,0,0,804,0,0,0,1,0,0,0,0,3,0,0,0,0,Piccola Classic,IPT(TSM)-D,,,8,,,Single,,,,,,,,,30,Agitating,10,Diluent - Starch:99.90%;Lubricant - Magnesium Stearate:0.10%,146.0,86666000,2025-05-24 11:46:27.666,11:46:27.666000,0,0,804,0,3,0
86668000,2025-05-24T11:46:27.668,0,0,606,0,0,0,1,0,0,0,0,3,0,0,0,0,Piccola Classic,IPT(TSM)-D,,,8,,,Single,,,,,,,,,30,Agitating,10,Diluent - Starch:99.90%;Lubricant - Magnesium Stearate:0.10%,148.0,86668000,2025-05-24 11:46:27.668,11:46:27.668000,0,0,606,0,3,0
86670000,2025-05-24T11:46:27.670,0,0,683,0,0,0,1,0,0,0,0,3,0,0,0,0,Piccola Classic,IPT(TSM)-D,,,8,,,Single,,,,,,,,,30,Agitating,10,Diluent - Starch:99.90%;Lubricant - Magnesium Stearate:0.10%,150.0,86670000,2025-05-24 11:46:27.670,11:46:27.670000,0,0,683,0,3,0
86672000,2025-05-24T11:46:27.672,0,0,769,0,0,0,1,0,0,0,0,3,0,0,0,0,Piccola Classic,IPT(TSM)-D,,,8,,,Single,,,,,,,,,30,Agitating,10,Diluent - Starch:99.90%;Lubricant - Magnesium Stearate:0.10%,152.0,86672000,2025-05-24 11:46:27.672,11:46:27.672000,0,0,769,0,3,0
86674000,2025-05-24T11:46:27.674,0,0,817,0,0,0,1,0,0,0,0,3,0,0,0,0,Piccola Classic,IPT(TSM)-D,,,8,,,Single,,,,,,,,,30,Agitating,10,Diluent - Starch:99.90%;Lubricant - Magnesium Stearate:0.10%,154.0,86674000,2025-05-24 11:46:27.674,11:46:27.674000,0,0,817,0,3,0
86676000,2025-05-24T11:46:27.676,0,0,605,0,0,0,1,0,0,0,0,3,0,0,0,0,Piccola Classic,IPT(TSM)-D,,,8,,,Single,,,,,,,,,30,Agitating,10,Diluent - Starch:99.90%;Lubricant - Magnesium Stearate:0.10%,156.0,86676000,2025-05-24 11:46:27.676,11:46:27.676000,0,0,605,0,3,0
86678000,2025-05-24T11:46:27.678,0,0,894,0,0,0,1,0,0,0,0,3,0,0,0,0,Piccola Classic,IPT(TSM)-D,,,8,,,Single,,,,,,,,,30,Agitating,10,Diluent - Starch:99.90%;Lubricant - Magnesium Stearate:0.10%,158.0,86678000,2025-05-24 11:46:27.678,11:46:27.678000,0,0,894,0,3,0
86680000,2025-05-24T11:46:27.680,0,0,665,0,0,0,1,0,0,0,0,3,0,0,0,0,Piccola Classic,IPT(TSM)-D,,,8,,,Single,,,,,,,,,30,Agitating,10,Diluent - Starch:99.90%;Lubricant - Magnesium Stearate:0.10%,160.0,86680000,2025-05-24 11:46:27.680,11:46:27.680000,0,0,665,0,3,0
86682000,2025-05-24T11:46:27.682,0,0,884,0,0,0,1,0,0,0,0,3,0,0,0,0,Piccola Classic,IPT(TSM)-D,,,8,,,Single,,,,,,,,,30,Agitating,10,Diluent - Starch:99.90%;Lubricant - Magnesium Stearate:0.10%,162.0,86682000,2025-05-24 11:46:27.682,11:46:27.682000,0,0,884,0,3,0
86684000,2025-05-24T11:46:27.684,0,0,776,0,0,0,1,0,0,0,0,3,0,0,0,0,Piccola Classic,IPT(TSM)-D,,,8,,,Single,,,,,,,,,30,Agitating,10,Diluent - Starch:99.90%;Lubricant - Magnesium Stearate:0.10%,164.0,86684000,2025-05-24 11:46:27.684,11:46:27.684000,0,0,776,0,3,0
86686000,2025-05-24T11:46:27.686,0,0,841,0,0,0,1,0,0,0,0,3,0,0,0,0,Piccola Classic,IPT(TSM)-D,,,8,,,Single,,,,,,,,,30,Agitating,10,Diluent - Starch:99.90%;Lubricant - Magnesium Stearate:0.10%,166.0,86686000,2025-05-24 11:46:27.686,11:46:27.686000,0,0,841,0,3,0
86688000,2025-05-24T11:46:27.688,0,0,868,0,0,0,1,0,0,0,0,3,0,0,0,0,Piccola Classic,IPT(TSM)-D,,,8,,,Single,,,,,,,,,30,Agitating,10,Diluent - Starch:99.90%;Lubricant - Magnesium Stearate:0.10%,168.0,86688000,2025-05-24 11:46:27.688,11:46:27.688000,0,0,868,0,3,0
86690000,2025-05-24T11:46:27.690,0,0,750,0,0,0,1,0,0,0,0,3,0,0,0,0,Piccola Classic,IPT(TSM)-D,,,8,,,Single,,,,,,,,,30,Agitating,10,Diluent - Starch:99.90%;Lubricant - Magnesium Stearate:0.10%,170.0,86690000,2025-05-24 11:46:27.690,11:46:27.690000,0,0,750,0,3,0
86692000,2025-05-24T11:46:27.692,0,0,809,0,0,0,1,0,0,0,0,3,0,0,0,0,Piccola Classic,IPT(TSM)-D,,,8,,,Single,,,,,,,,,30,Agitating,10,Diluent - Starch:99.90%;Lubricant - Magnesium Stearate:0.10%,172.0,86692000,2025-05-24 11:46:27.692,11:46:27.692000,0,0,809,0,3,0
86694000,2025-05-24T11:46:27.694,0,0,908,0,0,0,1,0,0,0,0,3,0,0,0,0,Piccola Classic,IPT(TSM)-D,,,8,,,Single,,,,,,,,,30,Agitating,10,Diluent - Starch:99.90%;Lubricant - Magnesium Stearate:0.10%,174.0,86694000,2025-05-24 11:46:27.694,11:46:27.694000,0,0,908,0,3,0
86696000,2025-05-24T11:46:27.696,0,0,661,0,0,0,1,0,0,0,0,3,0,0,0,0,Piccola Classic,IPT(TSM)-D,,,8,,,Single,,,,,,,,,30,Agitating,10,Diluent - Starch:99.90%;Lubricant - Magnesium Stearate:0.10%,176.0,86696000,2025-05-24 11:46:27.696,11:46:27.696000,0,0,661,0,3,0
86698000,2025-05-24T11:46:27.698,0,0,772,0,0,0,1,0,0,0,0,3,0,0,0,0,Piccola Classic,IPT(TSM)-D,,,8,,,Single,,,,,,,,,30,Agitating,10,Diluent - Starch:99.90%;Lubricant - Magnesium Stearate:0.10%,178.0,86698000,2025-05-24 11:46:27.698,11:46:27.698000,0,0,772,0,3,0
86700000,2025-05-24T11:46:27.700,0,0,517,245,0,0,0,2,0,0,0,3,0,0,0,0,Piccola Classic,IPT(TSM)-D,,,8,,,Single,,,,,,,,,30,Agitating,10,Diluent - Starch:99.90%;Lubricant - Magnesium Stearate:0.10%,180.0,86700000,2025-05-24 11:46:27.700,11:46:27.700000,0,0,517,245,3,0
86702000,2025-05-24T11:46:27.702,0,0,565,245,0,0,0,2,0,0,0,3,0,0,0,0,Piccola Classic,IPT(TSM)-D,,,8,,,Single,,,,,,,,,30,Agitating,10,Diluent - Starch:99.90%;Lubricant - Magnesium Stearate:0.10%,182.0,86702000,2025-05-24 11:46:27.702,11:46:27.702000,0,0,565,245,3,0
86704000,2025-05-24T11:46:27.704,0,0,586,203,0,0,0,2,0,0,0,3,0,0,0,0,Piccola Classic,IPT(TSM)-D,,,8,,,Single,,,,,,,,,30,Agitating,10,Diluent - Starch:99.90%;Lubricant - Magnesium Stearate:0.10%,184.0,86704000,2025-05-24 11:46:27.704,11:46:27.704000,0,0,586,203,3,0
86706000,2025-05-24T11:46:27.706,0,0,521,209,0,0,0,2,0,0,0,3,0,0,0,0,Piccola Classic,IPT(TSM)-D,,,8,,,Single,,,,,,,,,30,Agitating,10,Diluent - Starch:99.90%;Lubricant - Magnesium Stearate:0.10%,186.0,86706000,2025-05-24 11:46:27.706,11:46:27.706000,0,0,521,209,3,0
86708000,2025-05-24T11:46:27.708,0,0,526,225,0,0,0,2,0,0,0,3,0,0,0,0,Piccola Classic,IPT(TSM)-D,,,8,,,Single,,,,,,,,,30,Agitating,10,Diluent - Starch:99.90%;Lubricant - Magnesium Stearate:0.10%,188.0,86708000,2025-05-24 11:46:27.708,11:46:27.708000,0,0,526,225,3,0
86710000,2025-05-24T11:46:27.710,0,0,579,231,0,0,0,2,0,0,0,3,0,0,0,0,Piccola Classic,IPT(TSM)-D,,,8,,,Single,,,,,,,,,30,Agitating,10,Diluent - Starch:99.90%;Lubricant - Magnesium Stearate:0.10%,190.0,86710000,2025-05-24 11:46:27.710,11:46:27.710000,0,0,579,231,3,0
86712000,2025-05-24T11:46:27.712,0,0,517,228,0,0,0,2,0,0,0,3,0,0,0,0,Piccola Classic,IPT(TSM)-D,,,8,,,Single,,,,,,,,,30,Agitating,10,Diluent - Starch:99.90%;Lubricant - Magnesium Stearate:0.10%,192.0,86712000,2025-05-24 11:46:27.712,11:46:27.712000,0,0,517,228,3,0
86714000,2025-05-24T11:46:27.714,0,0,521,233,0,0,0,2,0,0,0,3,0,0,0,0,Piccola Classic,IPT(TSM)-D,,,8,,,Single,,,,,,,,,30,Agitating,10,Diluent - Starch:99.90%;Lubricant - Magnesium Stearate:0.10%,194.0,86714000,2025-05-24 11:46:27.714,11:46:27.714000,0,0,521,233,3,0
86716000,2025-05-24T11:46:27.716,0,0,591,221,0,0,0,2,0,0,0,3,0,0,0,0,Piccola Classic,IPT(TSM)-D,,,8,,,Single,,,,,,,,,30,Agitating,10,Diluent - Starch:99.90%;Lubricant - Magnesium Stearate:0.10%,196.0,86716000,2025-05-24 11:46:27.716,11:46:27.716000,0,0,591,221,3,0
86718000,2025-05-24T11:46:27.718,0,0,569,235,0,0,0,2,0,0,0,3,0,0,0,0,Piccola Classic,IPT(TSM)-D,,,8,,,Single,,,,,,,,,30,Agitating,10,Diluent - Starch:99.90%;Lubricant - Magnesium Stearate:0.10%,198.0,86718000,2025-05-24 11:46:27.718,11:46:27.718000,0,0,569,235,3,0
86720000,2025-05-24T11:46:27.720,0,0,581,217,0,0,0,2,0,0,0,3,0,0,0,0,Piccola Classic,IPT(TSM)-D,,,8,,,Single,,,,,,,,,30,Agitating,10,Diluent - Starch:99.90%;Lubricant - Magnesium Stearate:0.10%,200.0,86720000,2025-05-24 11:46:27.720,11:46:27.720000,0,0,581,217,3,0
86722000,2025-05-24T11:46:27.722,0,0,562,210,0,0,0,2,0,0,0,3,0,0,0,0,Piccola Classic,IPT(TSM)-D,,,8,,,Single,,,,,,,,,30,Agitating,10,Diluent - Starch:99.90%;Lubricant - Magnesium Stearate:0.10%,202.0,86722000,2025-05-24 11:46:27.722,11:46:27.722000,0,0,562,210,3,0
86724000,2025-05-24T11:46:27.724,0,0,543,203,0,0,0,2,0,0,0,3,0,0,0,0,Piccola Classic,IPT(TSM)-D,,,8,,,Single,,,,,,,,,30,Agitating,10,Diluent - Starch:99.90%;Lubricant - Magnesium Stearate:0.10%,204.0,86724000,2025-05-24 11:46:27.724,11:46:27.724000,0,0,543,203,3,0
86726000,2025-05-24T11:46:27.726,0,0,570,200,0,0,0,2,0,0,0,3,0,0,0,0,Piccola Classic,IPT(TSM)-D,,,8,,,Single,,,,,,,,,30,Agitating,10,Diluent - Starch:99.90%;Lubricant - Magnesium Stearate:0.10%,206.0,86726000,2025-05-24 11:46:27.726,11:46:27.726000,0,0,570,200,3,0
86728000,2025-05-24T11:46:27.728,0,0,522,242,0,0,0,2,0,0,0,3,0,0,0,0,Piccola Classic,IPT(TSM)-D,,,8,,,Single,,,,,,,,,30,Agitating,10,Diluent - Starch:99.90%;Lubricant - Magnesium Stearate:0.10%,208.0,86728000,2025-05-24 11:46:27.728,11:46:27.728000,0,0,522,242,3,0
86730000,2025-05-24T11:46:27.730,0,0,543,235,0,0,0,2,0,0,0,3,0,0,0,0,Piccola Classic,IPT(TSM)-D,,,8,,,Single,,,,,,,,,30,Agitating,10,Diluent - Starch:99.90%;Lubricant - Magnesium Stearate:0.10%,210.0,86730000,2025-05-24 11:46:27.730,11:46:27.730000,0,0,543,235,3,0
86732000,2025-05-24T11:46:27.732,0,0,531,220,0,0,0,2,0,0,0,3,0,0,0,0,Piccola Classic,IPT(TSM)-D,,,8,,,Single,,,,,,,,,30,Agitating,10,Diluent - Starch:99.90%;Lubricant - Magnesium Stearate:0.10%,212.0,86732000,2025-05-24 11:46:27.732,11:46:27.732000,0,0,531,220,3,0
86734000,2025-05-24T11:46:27.734,0,0,534,236,0,0,0,2,0,0,0,3,0,0,0,0,Piccola Classic,IPT(TSM)-D,,,8,,,Single,,,,,,,,,30,Agitating,10,Diluent - Starch:99.90%;Lubricant - Magnesium Stearate:0.10%,214.0,86734000,2025-05-24 11:46:27.734,11:46:27.734000,0,0,534,236,3,0
86736000,2025-05-24T11:46:27.736,0,0,526,217,0,0,0,2,0,0,0,3,0,0,0,0,Piccola Classic,IPT(TSM)-D,,,8,,,Single,,,,,,,,,30,Agitating,10,Diluent - Starch:99.90%;Lubricant - Magnesium Stearate:0.10%,216.0,86736000,2025-05-24 11:46:27.736,11:46:27.736000,0,0,526,217,3,0
86738000,2025-05-24T11:46:27.738,0,0,533,237,0,0,0,2,0,0,0,3,0,0,0,0,Piccola Classic,IPT(TSM)-D,,,8,,,Single,,,,,,,,,30,Agitating,10,Diluent - Starch:99.90%;Lubricant - Magnesium Stearate:0.10%,218.0,86738000,2025-05-24 11:46:27.738,11:46:27.738000,0,0,533,237,3,0
86740000,2025-05-24T11:46:27.740,0,0,598,231,0,0,0,2,0,0,0,3,0,0,0,0,Piccola Classic,IPT(TSM)-D,,,8,,,Single,,,,,,,,,30,Agitating,10,Diluent - Starch:99.90%;Lubricant - Magnesium Stearate:0.10%,220.0,86740000,2025-05-24 11:46:27.740,11:46:27.740000,0,0,598,231,3,0
86742000,2025-05-24T11:46:27.742,0,0,562,224,0,0,0,2,0,0,0,3,0,0,0,0,Piccola Classic,IPT(TSM)-D,,,8,,,Single,,,,,,,,,30,Agitating,10,Diluent - Starch:99.90%;Lubricant - Magnesium Stearate:0.10%,222.0,86742000,2025-05-24 11:46:27.742,11:46:27.742000,0,0,562,224,3,0
86744000,2025-05-24T11:46:27.744,0,0,555,219,0,0,0,2,0,0,0,3,0,0,0,0,Piccola Classic,IPT(TSM)-D,,,8,,,Single,,,,,,,,,30,Agitating,10,Diluent - Starch:99.90%;Lubricant - Magnesium Stearate:0.10%,224.0,86744000,2025-05-24 11:46:27.744,11:46:27.744000,0,0,555,219,3,0
86746000,2025-05-24T11:46:27.746,0,0,514,224,0,0,0,2,0,0,0,3,0,0,0,0,Piccola Classic,IPT(TSM)-D,,,8,,,Single,,,,,,,,,30,Agitating,10,Diluent - Starch:99.90%;Lubricant - Magnesium Stearate:0.10%,226.0,86746000,2025-05-24 11:46:27.746,11:46:27.746000,0,0,514,224,3,0
86748000,2025-05-24T11:46:27.748,0,0,582,205,0,0,0,2,0,0,0,3,0,0,0,0,Piccola Classic,IPT(TSM)-D,,,8,,,Single,,,,,,,,,30,Agitating,10,Diluent - Starch:99.90%;Lubricant - Magnesium Stearate:0.10%,228.0,86748000,2025-05-24 11:46:27.748,11:46:27.748000,0,0,582,205,3,0
86750000,2025-05-24T11:46:27.750,0,0,509,210,0,0,0,2,0,0,0,3,0,0,0,0,Piccola Classic,IPT(TSM)-D,,,8,,,Single,,,,,,,,,30,Agitating,10,Diluent - Starch:99.90%;Lubricant - Magnesium Stearate:0.10%,230.0,86750000,2025-05-24 11:46:27.750,11:46:27.750000,0,0,509,210,3,0
86752000,2025-05-24T11:46:27.752,0,0,563,208,0,0,0,2,0,0,0,3,0,0,0,0,Piccola Classic,IPT(TSM)-D,,,8,,,Single,,,,,,,,,30,Agitating,10,Diluent - Starch:99.90%;Lubricant - Magnesium Stearate:0.10%,232.0,86752000,2025-05-24 11:46:27.752,11:46:27.752000,0,0,563,208,3,0
86754000,2025-05-24T11:46:27.754,0,0,512,246,0,0,0,2,0,0,0,3,0,0,0,0,Piccola Classic,IPT(TSM)-D,,,8,,,Single,,,,,,,,,30,Agitating,10,Diluent - Starch:99.90%;Lubricant - Magnesium Stearate:0.10%,234.0,86754000,2025-05-24 11:46:27.754,11:46:27.754000,0,0,512,246,3,0
86756000,2025-05-24T11:46:27.756,0,0,508,240,0,0,0,2,0,0,0,3,0,0,0,0,Piccola Classic,IPT(TSM)-D,,,8,,,Single,,,,,,,,,30,Agitating,10,Diluent - Starch:99.90%;Lubricant - Magnesium Stearate:0.10%,236.0,86756000,2025-05-24 11:46:27.756,11:46:27.756000,0,0,508,240,3,0
86758000,2025-05-24T11:46:27.758,0,0,594,201,0,0,0,2,0,0,0,3,0,0,0,0,Piccola Classic,IPT(TSM)-D,,,8,,,Single,,,,,,,,,30,Agitating,10,Diluent - Starch:99.90%;Lubricant - Magnesium Stearate:0.10%,238.0,86758000,2025-05-24 11:46:27.758,11:46:27.758000,0,0,594,201,3,0
86760000,2025-05-24T11:46:27.760,98,0,545,0,2,0,0,0,0,0,0,3,0,0,0,0,Piccola Classic,IPT(TSM)-D,,,8,,,Single,,,,,,,,,30,Agitating,10,Diluent - Starch:99.90%;Lubricant - Magnesium Stearate:0.10%,240.0,86760000,2025-05-24 11:46:27.760,11:46:27.760000,98,0,545,0,3,0
86762000,2025-05-24T11:46:27.762,97,0,513,0,2,0,0,0,0,0,0,3,0,0,0,0,Piccola Classic,IPT(TSM)-D,,,8,,,Single,,,,,,,,,30,Agitating,10,Diluent - Starch:99.90%;Lubricant - Magnesium Stearate:0.10%,242.0,86762000,2025-05-24 11:46:27.762,11:46:27.762000,97,0,513,0,3,0
86764000,2025-05-24T11:46:27.764,91,0,540,0,2,0,0,0,0,0,0,3,0,0,0,0,Piccola Classic,IPT(TSM)-D,,,8,,,Single,,,,,,,,,30,Agitating,10,Diluent - Starch:99.90%;Lubricant - Magnesium Stearate:0.10%,244.0,86764000,2025-05-24 11:46:27.764,11:46:27.764000,91,0,540,0,3,0
86766000,2025-05-24T11:46:27.766,104,0,582,0,2,0,0,0,0,0,0,3,0,0,0,0,Piccola Classic,IPT(TSM)-D,,,8,,,Single,,,,,,,,,30,Agitating,10,Diluent - Starch:99.90%;Lubricant - Magnesium Stearate:0.10%,246.0,86766000,2025-05-24 11:46:27.766,11:46:27.766000,104,0,582,0,3,0
86768000,2025-05-24T11:46:27.768,115,0,533,0,2,0,0,0,0,0,0,3,0,0,0,0,Piccola Classic,IPT(TSM)-D,,,8,,,Single,,,,,,,,,30,Agitating,10,Diluent - Starch:99.90%;Lubricant - Magnesium Stearate:0.10%,248.0,86768000,2025-05-24 11:46:27.768,11:46:27.768000,115,0,533,0,3,0
86770000,2025-05-24T11:46:27.770,103,0,578,0,2,0,0,0,0,0,0,3,0,0,0,0,Piccola Classic,IPT(TSM)-D,,,8,,,Single,,,,,,,,,30,Agitating,10,Diluent - Starch:99.90%;Lubricant - Magnesium Stearate:0.10%,250.0,86770000,2025-05-24 11:46:27.770,11:46:27.770000,103,0,578,0,3,0
86772000,2025-05-24T11:46:27.772,95,0,586,0,2,0,0,0,0,0,0,3,0,0,0,0,Piccola Classic,IPT(TSM)-D,,,8,,,Single,,,,,,,,,30,Agitating,10,Diluent - Starch:99.90%;Lubricant - Magnesium Stearate:0.10%,252.0,86772000,2025-05-24 11:46:27.772,11:46:27.772000,95,0,586,0,3,0
86774000,2025-05-24T11:46:27.774,109,0,518,0,2,0,0,0,0,0,0,3,0,0,0,0,Piccola Classic,IPT(TSM)-D,,,8,,,Single,,,,,,,,,30,Agitating,10,Diluent - Starch:99.90%;Lubricant - Magnesium Stearate:0.10%,254.0,86774000,2025-05-24 11:46:27.774,11:46:27.774000,109,0,518,0,3,0
86776000,2025-05-24T11:46:27.776,99,0,514,0,2,0,0,0,0,0,0,3,0,0,0,0,Piccola Classic,IPT(TSM)-D,,,8,,,Single,,,,,,,,,30,Agitating,10,Diluent - Starch:99.90%;Lubricant - Magnesium Stearate:0.10%,256.0,86776000,2025-05-24 11:46:27.776,11:46:27.776000,99,0,514,0,3,0
86778000,2025-05-24T11:46:27.778,108,0,575,0,2,0,0,0,0,0,0,3,0,0,0,0,Piccola Classic,IPT(TSM)-D,,,8,,,Single,,,,,,,,,30,Agitating,10,Diluent - Starch:99.90%;Lubricant - Magnesium Stearate:0.10%,258.0,86778000,2025-05-24 11:46:27.778,11:46:27.778000,108,0,575,0,3,0
86780000,2025-05-24T11:46:27.780,103,0,598,0,2,0,0,0,0,0,0,3,0,0,0,0,Piccola Classic,IPT(TSM)-D,,,8,,,Single,,,,,,,,,30,Agitating,10,Diluent - Starch:99.90%;Lubricant - Magnesium Stearate:0.10%,260.0,86780000,2025-05-24 11:46:27.780,11:46:27.780000,103,0,598,0,3,0
86782000,2025-05-24T11:46:27.782,112,0,565,0,2,0,0,0,0,0,0,3,0,0,0,0,Piccola Classic,IPT(TSM)-D,,,8,,,Single,,,,,,,,,30,Agitating,10,Diluent - Starch:99.90%;Lubricant - Magnesium Stearate:0.10%,262.0,86782000,2025-05-24 11:46:27.782,11:46:27.782000,112,0,565,0,3,0
86784000,2025-05-24T11:46:27.784,104,0,549,0,2,0,0,0,0,0,0,3,0,0,0,0,Piccola Classic,IPT(TSM)-D,,,8,,,Single,,,,,,,,,30,Agitating,10,Diluent - Starch:99.90%;Lubricant - Magnesium Stearate:0.10%,264.0,86784000,2025-05-24 11:46:27.784,11:46:27.784000,104,0,549,0,3,0
86786000,2025-05-24T11:46:27.786,125,0,591,0,2,0,0,0,0,0,0,3,0,0,0,0,Piccola Classic,IPT(TSM)-D,,,8,,,Single,,,,,,,,,30,Agitating,10,Diluent - Starch:99.90%;Lubricant - Magnesium Stearate:0.10%,266.0,86786000,2025-05-24 11:46:27.786,11:46:27.786000,125,0,591,0,3,0
86788000,2025-05-24T11:46:27.788,94,0,516,0,2,0,0,0,0,0,0,3,0,0,0,0,Piccola Classic,IPT(TSM)-D,,,8,,,Single,,,,,,,,,30,Agitating,10,Diluent - Starch:99.90%;Lubricant - Magnesium Stearate:0.10%,268.0,86788000,2025-05-24 11:46:27.788,11:46:27.788000,94,0,516,0,3,0
86790000,2025-05-24T11:46:27.790,118,0,549,0,2,0,0,0,0,0,0,3,0,0,0,0,Piccola Classic,IPT(TSM)-D,,,8,,,Single,,,,,,,,,30,Agitating,10,Diluent - Starch:99.90%;Lubricant - Magnesium Stearate:0.10%,270.0,86790000,2025-05-24 11:46:27.790,11:46:27.790000,118,0,549,0,3,0
86792000,2025-05-24T11:46:27.792,92,0,513,0,2,0,0,0,0,0,0,3,0,0,0,0,Piccola Classic,IPT(TSM)-D,,,8,,,Single,,,,,,,,,30,Agitating,10,Diluent - Starch:99.90%;Lubricant - Magnesium Stearate:0.10%,272.0,86792000,2025-05-24 11:46:27.792,11:46:27.792000,92,0,513,0,3,0
86794000,2025-05-24T11:46:27.794,94,0,569,0,2,0,0,0,0,0,0,3,0,0,0,0,Piccola Classic,IPT(TSM)-D,,,8,,,Single,,,,,,,,,30,Agitating,10,Diluent - Starch:99.90%;Lubricant - Magnesium Stearate:0.10%,274.0,86794000,2025-05-24 11:46:27.794,11:46:27.794000,94,0,569,0,3,0
86796000,2025-05-24T11:46:27.796,103,0,540,0,2,0,0,0,0,0,0,3,0,0,0,0,Piccola Classic,IPT(TSM)-D,,,8,,,Single,,,,,,,,,30,Agitating,10,Diluent - Starch:99.90%;Lubricant - Magnesium Stearate:0.10%,276.0,86796000,2025-05-24 11:46:27.796,11:46:27.796000,103,0,540,0,3,0
86798000,2025-05-24T11:46:27.798,85,0,570,0,2,0,0,0,0,0,0,3,0,0,0,0,Piccola Classic,IPT(TSM)-D,,,8,,,Single,,,,,,,,,30,Agitating,10,Diluent - Starch:99.90%;Lubricant - Magnesium Stearate:0.10%,278.0,86798000,2025-05-24 11:46:27.798,11:46:27.798000,85,0,570,0,3,0
86800000,2025-05-24T11:46:27.800,112,0,528,0,2,0,0,0,0,0,0,3,0,0,0,0,Piccola Classic,IPT(TSM)-D,,,8,,,Single,,,,,,,,,30,Agitating,10,Diluent - Starch:99.90%;Lubricant - Magnesium Stearate:0.10%,280.0,86800000,2025-05-24 11:46:27.800,11:46:27.800000,112,0,528,0,3,0
86802000,2025-05-24T11:46:27.802,101,0,558,0,2,0,0,0,0,0,0,3,0,0,0,0,Piccola Classic,IPT(TSM)-D,,,8,,,Single,,,,,,,,,30,Agitating,10,Diluent - Starch:99.90%;Lubricant - Magnesium Stearate:0.10%,282.0,86802000,2025-05-24 11:46:27.802,11:46:27.802000,101,0,558,0,3,0
86804000,2025-05-24T11:46:27.804,102,0,596,0,2,0,0,0,0,0,0,3,0,0,0,0,Piccola Classic,IPT(TSM)-D,,,8,,,Single,,,,,,,,,30,Agitating,10,Diluent - Starch:99.90%;Lubricant - Magnesium Stearate:0.10%,284.0,86804000,2025-05-24 11:46:27.804,11:46:27.804000,102,0,596,0,3,0
86806000,2025-05-24T11:46:27.806,111,0,593,0,2,0,0,0,0,0,0,3,0,0,0,0,Piccola Classic,IPT(TSM)-D,,,8,,,Single,,,,,,,,,30,Agitating,10,Diluent - Starch:99.90%;Lubricant - Magnesium Stearate:0.10%,286.0,86806000,2025-05-24 11:46:27.806,11:46:27.806000,111,0,593,0,3,0
86808000,2025-05-24T11:46:27.808,119,0,514,0,2,0,0,0,0,0,0,3,0,0,0,0,Piccola Classic,IPT(TSM)-D,,,8,,,Single,,,,,,,,,30,Agitating,10,Diluent - Starch:99.90%;Lubricant - Magnesium Stearate:0.10%,288.0,86808000,2025-05-24 11:46:27.808,11:46:27.808000,119,0,514,0,3,0
86810000,2025-05-24T11:46:27.810,104,0,511,0,2,0,0,0,0,0,0,3,0,0,0,0,Piccola Classic,IPT(TSM)-D,,,8,,,Single,,,,,,,,,30,Agitating,10,Diluent - Starch:99.90%;Lubricant - Magnesium Stearate:0.10%,290.0,86810000,2025-05-24 11:46:27.810,11:46:27.810000,104,0,511,0,3,0
86812000,2025-05-24T11:46:27.812,93,0,523,0,2,0,0,0,0,0,0,3,0,0,0,0,Piccola Classic,IPT(TSM)-D,,,8,,,Single,,,,,,,,,30,Agitating,10,Diluent - Starch:99.90%;Lubricant - Magnesium Stearate:0.10%,292.0,86812000,2025-05-24 11:46:27.812,11:46:27.812000,93,0,523,0,3,0
86814000,2025-05-24T11:46:27.814,82,0,574,0,2,0,0,0,0,0,0,3,0,0,0,0,Piccola Classic,IPT(TSM)-D,,,8,,,Single,,,,,,,,,30,Agitating,10,Diluent - Starch:99.90%;Lubricant - Magnesium Stearate:0.10%,294.0,86814000,2025-05-24 11:46:27.814,11:46:27.814000,82,0,574,0,3,0
86816000,2025-05-24T11:46:27.816,80,0,575,0,2,0,0,0,0,0,0,3,0,0,0,0,Piccola Classic,IPT(TSM)-D,,,8,,,Single,,,,,,,,,30,Agitating,10,Diluent - Starch:99.90%;Lubricant - Magnesium Stearate:0.10%,296.0,86816000,2025-05-24 11:46:27.816,11:46:27.816000,80,0,575,0,3,0
86818000,2025-05-24T11:46:27.818,105,0,551,0,2,0,0,0,0,0,0,3,0,0,0,0,Piccola Classic,IPT(TSM)-D,,,8,,,Single,,,,,,,,,30,Agitating,10,Diluent - Starch:99.90%;Lubricant - Magnesium Stearate:0.10%,298.0,86818000,2025-05-24 11:46:27.818,11:46:27.818000,105,0,551,0,3,0
86820000,2025-05-24T11:46:27.820,109,0,533,0,2,0,0,0,0,0,0,3,0,0,0,0,Piccola Classic,IPT(TSM)-D,,,8,,,Single,,,,,,,,,30,Agitating,10,Diluent - Starch:99.90%;Lubricant - Magnesium Stearate:0.10%,300.0,86820000,2025-05-24 11:46:27.820,11:46:27.820000,109,0,533,0,3,0
86822000,2025-05-24T11:46:27.822,95,0,534,0,2,0,0,0,0,0,0,3,0,0,0,0,Piccola Classic,IPT(TSM)-D,,,8,,,Single,,,,,,,,,30,Agitating,10,Diluent - Starch:99.90%;Lubricant - Magnesium Stearate:0.10%,302.0,86822000,2025-05-24 11:46:27.822,11:46:27.822000,95,0,534,0,3,0
86824000,2025-05-24T11:46:27.824,105,0,575,0,2,0,0,0,0,0,0,3,0,0,0,0,Piccola Classic,IPT(TSM)-D,,,8,,,Single,,,,,,,,,30,Agitating,10,Diluent - Starch:99.90%;Lubricant - Magnesium Stearate:0.10%,304.0,86824000,2025-05-24 11:46:27.824,11:46:27.824000,105,0,575,0,3,0
86826000,2025-05-24T11:46:27.826,95,0,521,0,2,0,0,0,0,0,0,3,0,0,0,0,Piccola Classic,IPT(TSM)-D,,,8,,,Single,,,,,,,,,30,Agitating,10,Diluent - Starch:99.90%;Lubricant - Magnesium Stearate:0.10%,306.0,86826000,2025-05-24 11:46:27.826,11:46:27.826000,95,0,521,0,3,0
86828000,2025-05-24T11:46:27.828,94,0,554,0,2,0,0,0,0,0,0,3,0,0,0,0,Piccola Classic,IPT(TSM)-D,,,8,,,Single,,,,,,,,,30,Agitating,10,Diluent - Starch:99.90%;Lubricant - Magnesium Stearate:0.10%,308.0,86828000,2025-05-24 11:46:27.828,11:46:27.828000,94,0,554,0,3,0
86830000,2025-05-24T11:46:27.830,78,0,557,0,2,0,0,0,0,0,0,3,0,0,0,0,Piccola Classic,IPT(TSM)-D,,,8,,,Single,,,,,,,,,30,Agitating,10,Diluent - Starch:99.90%;Lubricant - Magnesium Stearate:0.10%,310.0,86830000,2025-05-24 11:46:27.830,11:46:27.830000,78,0,557,0,3,0
86832000,2025-05-24T11:46:27.832,107,0,578,0,2,0,0,0,0,0,0,3,0,0,0,0,Piccola Classic,IPT(TSM)-D,,,8,,,Single,,,,,,,,,30,Agitating,10,Diluent - Starch:99.90%;Lubricant - Magnesium Stearate:0.10%,312.0,86832000,2025-05-24 11:46:27.832,11:46:27.832000,107,0,578,0,3,0
86834000,2025-05-24T11:46:27.834,89,0,529,0,2,0,0,0,0,0,0,3,0,0,0,0,Piccola Classic,IPT(TSM)-D,,,8,,,Single,,,,,,,,,30,Agitating,10,Diluent - Starch:99.90%;Lubricant - Magnesium Stearate:0.10%,314.0,86834000,2025-05-24 11:46:27.834,11:46:27.834000,89,0,529,0,3,0
86836000,2025-05-24T11:46:27.836,95,0,536,0,2,0,0,0,0,0,0,3,0,0,0,0,Piccola Classic,IPT(TSM)-D,,,8,,,Single,,,,,,,,,30,Agitating,10,Diluent - Starch:99.90%;Lubricant - Magnesium Stearate:0.10%,316.0,86836000,2025-05-24 11:46:27.836,11:46:27.836000,95,0,536,0,3,0
86838000,2025-05-24T11:46:27.838,97,0,507,0,2,0,0,0,0,0,0,3,0,0,0,0,Piccola Classic,IPT(TSM)-D,,,8,,,Single,,,,,,,,,30,Agitating,10,Diluent - Starch:99.90%;Lubricant - Magnesium Stearate:0.10%,318.0,86838000,2025-05-24 11:46:27.838,11:46:27.838000,97,0,507,0,3,0
86840000,2025-05-24T11:46:27.840,0,46,518,0,0,2,0,0,0,0,0,3,0,0,0,0,Piccola Classic,IPT(TSM)-D,,,8,,,Single,,,,,,,,,30,Agitating,10,Diluent - Starch:99.90%;Lubricant - Magnesium Stearate:0.10%,320.0,86840000,2025-05-24 11:46:27.840,11:46:27.840000,0,46,518,0,3,0
86842000,2025-05-24T11:46:27.842,0,61,541,0,0,2,0,0,0,0,0,3,0,0,0,0,Piccola Classic,IPT(TSM)-D,,,8,,,Single,,,,,,,,,30,Agitating,10,Diluent - Starch:99.90%;Lubricant - Magnesium Stearate:0.10%,322.0,86842000,2025-05-24 11:46:27.842,11:46:27.842000,0,61,541,0,3,0
86844000,2025-05-24T11:46:27.844,0,35,524,0,0,2,0,0,0,0,0,3,0,0,0,0,Piccola Classic,IPT(TSM)-D,,,8,,,Single,,,,,,,,,30,Agitating,10,Diluent - Starch:99.90%;Lubricant - Magnesium Stearate:0.10%,324.0,86844000,2025-05-24 11:46:27.844,11:46:27.844000,0,35,524,0,3,0
86846000,2025-05-24T11:46:27.846,0,55,542,0,0,2,0,0,0,0,0,3,0,0,0,0,Piccola Classic,IPT(TSM)-D,,,8,,,Single,,,,,,,,,30,Agitating,10,Diluent - Starch:99.90%;Lubricant - Magnesium Stearate:0.10%,326.0,86846000,2025-05-24 11:46:27.846,11:46:27.846000,0,55,542,0,3,0
86848000,2025-05-24T11:46:27.848,0,59,593,0,0,2,0,0,0,0,0,3,0,0,0,0,Piccola Classic,IPT(TSM)-D,,,8,,,Single,,,,,,,,,30,Agitating,10,Diluent - Starch:99.90%;Lubricant - Magnesium Stearate:0.10%,328.0,86848000,2025-05-24 11:46:27.848,11:46:27.848000,0,59,593,0,3,0
86850000,2025-05-24T11:46:27.850,0,27,598,0,0,2,0,0,0,0,0,3,0,0,0,0,Piccola Classic,IPT(TSM)-D,,,8,,,Single,,,,,,,,,30,Agitating,10,Diluent - Starch:99.90%;Lubricant - Magnesium Stearate:0.10%,330.0,86850000,2025-05-24 11:46:27.850,11:46:27.850000,0,27,598,0,3,0
86852000,2025-05-24T11:46:27.852,0,48,531,0,0,2,0,0,0,0,0,3,0,0,0,0,Piccola Classic,IPT(TSM)-D,,,8,,,Single,,,,,,,,,30,Agitating,10,Diluent - Starch:99.90%;Lubricant - Magnesium Stearate:0.10%,332.0,86852000,2025-05-24 11:46:27.852,11:46:27.852000,0,48,531,0,3,0
86854000,2025-05-24T11:46:27.854,0,33,525,0,0,2,0,0,0,0,0,3,0,0,0,0,Piccola Classic,IPT(TSM)-D,,,8,,,Single,,,,,,,,,30,Agitating,10,Diluent - Starch:99.90%;Lubricant - Magnesium Stearate:0.10%,334.0,86854000,2025-05-24 11:46:27.854,11:46:27.854000,0,33,525,0,3,0
86856000,2025-05-24T11:46:27.856,0,34,592,0,0,2,0,0,0,0,0,3,0,0,0,0,Piccola Classic,IPT(TSM)-D,,,8,,,Single,,,,,,,,,30,Agitating,10,Diluent - Starch:99.90%;Lubricant - Magnesium Stearate:0.10%,336.0,86856000,2025-05-24 11:46:27.856,11:46:27.856000,0,34,592,0,3,0
86858000,2025-05-24T11:46:27.858,0,44,580,0,0,2,0,0,0,0,0,3,0,0,0,0,Piccola Classic,IPT(TSM)-D,,,8,,,Single,,,,,,,,,30,Agitating,10,Diluent - Starch:99.90%;Lubricant - Magnesium Stearate:0.10%,338.0,86858000,2025-05-24 11:46:27.858,11:46:27.858000,0,44,580,0,3,0
86860000,2025-05-24T11:46:27.860,0,28,593,0,0,2,0,0,0,0,0,3,0,0,0,0,Piccola Classic,IPT(TSM)-D,,,8,,,Single,,,,,,,,,30,Agitating,10,Diluent - Starch:99.90%;Lubricant - Magnesium Stearate:0.10%,340.0,86860000,2025-05-24 11:46:27.860,11:46:27.860000,0,28,593,0,3,0
86862000,2025-05-24T11:46:27.862,0,20,579,0,0,2,0,0,0,0,0,3,0,0,0,0,Piccola Classic,IPT(TSM)-D,,,8,,,Single,,,,,,,,,30,Agitating,10,Diluent - Starch:99.90%;Lubricant - Magnesium Stearate:0.10%,342.0,86862000,2025-05-24 11:46:27.862,11:46:27.862000,0,20,579,0,3,0
86864000,2025-05-24T11:46:27.864,0,36,580,0,0,2,0,0,0,0,0,3,0,0,0,0,Piccola Classic,IPT(TSM)-D,,,8,,,Single,,,,,,,,,30,Agitating,10,Diluent - Starch:99.90%;Lubricant - Magnesium Stearate:0.10%,344.0,86864000,2025-05-24 11:46:27.864,11:46:27.864000,0,36,580,0,3,0
86866000,2025-05-24T11:46:27.866,0,51,556,0,0,2,0,0,0,0,0,3,0,0,0,0,Piccola Classic,IPT(TSM)-D,,,8,,,Single,,,,,,,,,30,Agitating,10,Diluent - Starch:99.90%;Lubricant - Magnesium Stearate:0.10%,346.0,86866000,2025-05-24 11:46:27.866,11:46:27.866000,0,51,556,0,3,0
86868000,2025-05-24T11:46:27.868,0,46,596,0,0,2,0,0,0,0,0,3,0,0,0,0,Piccola Classic,IPT(TSM)-D,,,8,,,Single,,,,,,,,,30,Agitating,10,Diluent - Starch:99.90%;Lubricant - Magnesium Stearate:0.10%,348.0,86868000,2025-05-24 11:46:27.868,11:46:27.868000,0,46,596,0,3,0
86870000,2025-05-24T11:46:27.870,0,30,575,0,0,2,0,0,0,0,0,3,0,0,0,0,Piccola Classic,IPT(TSM)-D,,,8,,,Single,,,,,,,,,30,Agitating,10,Diluent - Starch:99.90%;Lubricant - Magnesium Stearate:0.10%,350.0,86870000,2025-05-24 11:46:27.870,11:46:27.870000,0,30,575,0,3,0
86872000,2025-05-24T11:46:27.872,0,40,552,0,0,2,0,0,0,0,0,3,0,0,0,0,Piccola Classic,IPT(TSM)-D,,,8,,,Single,,,,,,,,,30,Agitating,10,Diluent - Starch:99.90%;Lubricant - Magnesium Stearate:0.10%,352.0,86872000,2025-05-24 11:46:27.872,11:46:27.872000,0,40,552,0,3,0
86874000,2025-05-24T11:46:27.874,0,48,586,0,0,2,0,0,0,0,0,3,0,0,0,0,Piccola Classic,IPT(TSM)-D,,,8,,,Single,,,,,,,,,30,Agitating,10,Diluent - Starch:99.90%;Lubricant - Magnesium Stearate:0.10%,354.0,86874000,2025-05-24 11:46:27.874,11:46:27.874000,0,48,586,0,3,0
86876000,2025-05-24T11:46:27.876,0,43,561,0,0,2,0,0,0,0,0,3,0,0,0,0,Piccola Classic,IPT(TSM)-D,,,8,,,Single,,,,,,,,,30,Agitating,10,Diluent - Starch:99.90%;Lubricant - Magnesium Stearate:0.10%,356.0,86876000,2025-05-24 11:46:27.876,11:46:27.876000,0,43,561,0,3,0
86878000,2025-05-24T11:46:27.878,0,32,508,0,0,2,0,0,0,0,0,3,0,0,0,0,Piccola Classic,IPT(TSM)-D,,,8,,,Single,,,,,,,,,30,Agitating,10,Diluent - Starch:99.90%;Lubricant - Magnesium Stearate:0.10%,358.0,86878000,2025-05-24 11:46:27.878,11:46:27.878000,0,32,508,0,3,0
86880000,2025-05-24T11:46:27.880,0,25,543,0,0,2,0,0,0,0,0,3,0,0,0,0,Piccola Classic,IPT(TSM)-D,,,8,,,Single,,,,,,,,,30,Agitating,10,Diluent - Starch:99.90%;Lubricant - Magnesium Stearate:0.10%,360.0,86880000,2025-05-24 11:46:27.880,11:46:27.880000,0,25,543,0,3,0
86882000,2025-05-24T11:46:27.882,0,63,511,0,0,2,0,0,0,0,0,3,0,0,0,0,Piccola Classic,IPT(TSM)-D,,,8,,,Single,,,,,,,,,30,Agitating,10,Diluent - Starch:99.90%;Lubricant - Magnesium Stearate:0.10%,362.0,86882000,2025-05-24 11:46:27.882,11:46:27.882000,0,63,511,0,3,0
86884000,2025-05-24T11:46:27.884,0,25,594,0,0,2,0,0,0,0,0,3,0,0,0,0,Piccola Classic,IPT(TSM)-D,,,8,,,Single,,,,,,,,,30,Agitating,10,Diluent - Starch:99.90%;Lubricant - Magnesium Stearate:0.10%,364.0,86884000,2025-05-24 11:46:27.884,11:46:27.884000,0,25,594,0,3,0
86886000,2025-05-24T11:46:27.886,0,46,514,0,0,2,0,0,0,0,0,3,0,0,0,0,Piccola Classic,IPT(TSM)-D,,,8,,,Single,,,,,,,,,30,Agitating,10,Diluent - Starch:99.90%;Lubricant - Magnesium Stearate:0.10%,366.0,86886000,2025-05-24 11:46:27.886,11:46:27.886000,0,46,514,0,3,0
86888000,2025-05-24T11:46:27.888,0,45,512,0,0,2,0,0,0,0,0,3,0,0,0,0,Piccola Classic,IPT(TSM)-D,,,8,,,Single,,,,,,,,,30,Agitating,10,Diluent - Starch:99.90%;Lubricant - Magnesium Stearate:0.10%,368.0,86888000,2025-05-24 11:46:27.888,11:46:27.888000,0,45,512,0,3,0
86890000,2025-05-24T11:46:27.890,0,26,519,0,0,2,0,0,0,0,0,3,0,0,0,0,Piccola Classic,IPT(TSM)-D,,,8,,,Single,,,,,,,,,30,Agitating,10,Diluent - Starch:99.90%;Lubricant - Magnesium Stearate:0.10%,370.0,86890000,2025-05-24 11:46:27.890,11:46:27.890000,0,26,519,0,3,0
86892000,2025-05-24T11:46:27.892,0,26,571,0,0,2,0,0,0,0,0,3,0,0,0,0,Piccola Classic,IPT(TSM)-D,,,8,,,Single,,,,,,,,,30,Agitating,10,Diluent - Starch:99.90%;Lubricant - Magnesium Stearate:0.10%,372.0,86892000,2025-05-24 11:46:27.892,11:46:27.892000,0,26,571,0,3,0
86894000,2025-05-24T11:46:27.894,0,31,536,0,0,2,0,0,0,0,0,3,0,0,0,0,Piccola Classic,IPT(TSM)-D,,,8,,,Single,,,,,,,,,30,Agitating,10,Diluent - Starch:99.90%;Lubricant - Magnesium Stearate:0.10%,374.0,86894000,2025-05-24 11:46:27.894,11:46:27.894000,0,31,536,0,3,0
86896000,2025-05-24T11:46:27.896,0,49,536,0,0,2,0,0,0,0,0,3,0,0,0,0,Piccola Classic,IPT(TSM)-D,,,8,,,Single,,,,,,,,,30,Agitating,10,Diluent - Starch:99.90%;Lubricant - Magnesium Stearate:0.10%,376.0,86896000,2025-05-24 11:46:27.896,11:46:27.896000,0,49,536,0,3,0
86898000,2025-05-24T11:46:27.898,0,42,515,0,0,2,0,0,0,0,0,3,0,0,0,0,Piccola Classic,IPT(TSM)-D,,,8,,,Single,,,,,,,,,30,Agitating,10,Diluent - Starch:99.90%;Lubricant - Magnesium Stearate:0.10%,378.0,86898000,2025-05-24 11:46:27.898,11:46:27.898000,0,42,515,0,3,0
86900000,2025-05-24T11:46:27.900,0,27,594,0,0,2,0,0,0,0,0,3,0,0,0,0,Piccola Classic,IPT(TSM)-D,,,8,,,Single,,,,,,,,,30,Agitating,10,Diluent - Starch:99.90%;Lubricant - Magnesium Stearate:0.10%,380.0,86900000,2025-05-24 11:46:27.900,11:46:27.900000,0,27,594,0,3,0
86902000,2025-05-24T11:46:27.902,0,38,569,0,0,2,0,0,0,0,0,3,0,0,0,0,Piccola Classic,IPT(TSM)-D,,,8,,,Single,,,,,,,,,30,Agitating,10,Diluent - Starch:99.90%;Lubricant - Magnesium Stearate:0.10%,382.0,86902000,2025-05-24 11:46:27.902,11:46:27.902000,0,38,569,0,3,0
86904000,2025-05-24T11:46:27.904,0,41,556,0,0,2,0,0,0,0,0,3,0,0,0,0,Piccola Classic,IPT(TSM)-D,,,8,,,Single,,,,,,,,,30,Agitating,10,Diluent - Starch:99.90%;Lubricant - Magnesium Stearate:0.10%,384.0,86904000,2025-05-24 11:46:27.904,11:46:27.904000,0,41,556,0,3,0
86906000,2025-05-24T11:46:27.906,0,19,540,0,0,2,0,0,0,0,0,3,0,0,0,0,Piccola Classic,IPT(TSM)-D,,,8,,,Single,,,,,,,,,30,Agitating,10,Diluent - Starch:99.90%;Lubricant - Magnesium Stearate:0.10%,386.0,86906000,2025-05-24 11:46:27.906,11:46:27.906000,0,19,540,0,3,0
86908000,2025-05-24T11:46:27.908,0,50,555,0,0,2,0,0,0,0,0,3,0,0,0,0,Piccola Classic,IPT(TSM)-D,,,8,,,Single,,,,,,,,,30,Agitating,10,Diluent - Starch:99.90%;Lubricant - Magnesium Stearate:0.10%,388.0,86908000,2025-05-24 11:46:27.908,11:46:27.908000,0,50,555,0,3,0
86910000,2025-05-24T11:46:27.910,0,41,568,0,0,2,0,0,0,0,0,3,0,0,0,0,Piccola Classic,IPT(TSM)-D,,,8,,,Single,,,,,,,,,30,Agitating,10,Diluent - Starch:99.90%;Lubricant - Magnesium Stearate:0.10%,390.0,86910000,2025-05-24 11:46:27.910,11:46:27.910000,0,41,568,0,3,0
86912000,2025-05-24T11:46:27.912,0,35,556,0,0,2,0,0,0,0,0,3,0,0,0,0,Piccola Classic,IPT(TSM)-D,,,8,,,Single,,,,,,,,,30,Agitating,10,Diluent - Starch:99.90%;Lubricant - Magnesium Stearate:0.10%,392.0,86912000,2025-05-24 11:46:27.912,11:46:27.912000,0,35,556,0,3,0
86914000,2025-05-24T11:46:27.914,0,25,583,0,0,2,0,0,0,0,0,3,0,0,0,0,Piccola Classic,IPT(TSM)-D,,,8,,,Single,,,,,,,,,30,Agitating,10,Diluent - Starch:99.90%;Lubricant - Magnesium Stearate:0.10%,394.0,86914000,2025-05-24 11:46:27.914,11:46:27.914000,0,25,583,0,3,0
86916000,2025-05-24T11:46:27.916,0,43,549,0,0,2,0,0,0,0,0,3,0,0,0,0,Piccola Classic,IPT(TSM)-D,,,8,,,Single,,,,,,,,,30,Agitating,10,Diluent - Starch:99.90%;Lubricant - Magnesium Stearate:0.10%,396.0,86916000,2025-05-24 11:46:27.916,11:46:27.916000,0,43,549,0,3,0
86918000,2025-05-24T11:46:27.918,0,39,562,0,0,2,0,0,0,0,0,3,0,0,0,0,Piccola Classic,IPT(TSM)-D,,,8,,,Single,,,,,,,,,30,Agitating,10,Diluent - Starch:99.90%;Lubricant - Magnesium Stearate:0.10%,398.0,86918000,2025-05-24 11:46:27.918,11:46:27.918000,0,39,562,0,3,0
86920000,2025-05-24T11:46:27.920,0,0,704,0,0,0,2,0,0,0,0,3,0,0,0,0,Piccola Classic,IPT(TSM)-D,,,8,,,Single,,,,,,,,,30,Agitating,10,Diluent - Starch:99.90%;Lubricant - Magnesium Stearate:0.10%,400.0,86920000,2025-05-24 11:46:27.920,11:46:27.920000,0,0,704,0,3,0
86922000,2025-05-24T11:46:27.922,0,0,773,0,0,0,2,0,0,0,0,3,0,0,0,0,Piccola Classic,IPT(TSM)-D,,,8,,,Single,,,,,,,,,30,Agitating,10,Diluent - Starch:99.90%;Lubricant - Magnesium Stearate:0.10%,402.0,86922000,2025-05-24 11:46:27.922,11:46:27.922000,0,0,773,0,3,0
86924000,2025-05-24T11:46:27.924,0,0,775,0,0,0,2,0,0,0,0,3,0,0,0,0,Piccola Classic,IPT(TSM)-D,,,8,,,Single,,,,,,,,,30,Agitating,10,Diluent - Starch:99.90%;Lubricant - Magnesium Stearate:0.10%,404.0,86924000,2025-05-24 11:46:27.924,11:46:27.924000,0,0,775,0,3,0
86926000,2025-05-24T11:46:27.926,0,0,773,0,0,0,2,0,0,0,0,3,0,0,0,0,Piccola Classic,IPT(TSM)-D,,,8,,,Single,,,,,,,,,30,Agitating,10,Diluent - Starch:99.90%;Lubricant - Magnesium Stearate:0.10%,406.0,86926000,2025-05-24 11:46:27.926,11:46:27.926000,0,0,773,0,3,0
86928000,2025-05-24T11:46:27.928,0,0,669,0,0,0,2,0,0,0,0,3,0,0,0,0,Piccola Classic,IPT(TSM)-D,,,8,,,Single,,,,,,,,,30,Agitating,10,Diluent - Starch:99.90%;Lubricant - Magnesium Stearate:0.10%,408.0,86928000,2025-05-24 11:46:27.928,11:46:27.928000,0,0,669,0,3,0
86930000,2025-05-24T11:46:27.930,0,0,913,0,0,0,2,0,0,0,0,3,0,0,0,0,Piccola Classic,IPT(TSM)-D,,,8,,,Single,,,,,,,,,30,Agitating,10,Diluent - Starch:99.90%;Lubricant - Magnesium Stearate:0.10%,410.0,86930000,2025-05-24 11:46:27.930,11:46:27.930000,0,0,913,0,3,0
86932000,2025-05-24T11:46:27.932,0,0,773,0,0,0,2,0,0,0,0,3,0,0,0,0,Piccola Classic,IPT(TSM)-D,,,8,,,Single,,,,,,,,,30,Agitating,10,Diluent - Starch:99.90%;Lubricant - Magnesium Stearate:0.10%,412.0,86932000,2025-05-24 11:46:27.932,11:46:27.932000,0,0,773,0,3,0
86934000,2025-05-24T11:46:27.934,0,0,701,0,0,0,2,0,0,0,0,3,0,0,0,0,Piccola Classic,IPT(TSM)-D,,,8,,,Single,,,,,,,,,30,Agitating,10,Diluent - Starch:99.90%;Lubricant - Magnesium Stearate:0.10%,414.0,86934000,2025-05-24 11:46:27.934,11:46:27.934000,0,0,701,0,3,0
86936000,2025-05-24T11:46:27.936,0,0,798,0,0,0,2,0,0,0,0,3,0,0,0,0,Piccola Classic,IPT(TSM)-D,,,8,,,Single,,,,,,,,,30,Agitating,10,Diluent - Starch:99.90%;Lubricant - Magnesium Stearate:0.10%,416.0,86936000,2025-05-24 11:46:27.936,11:46:27.936000,0,0,798,0,3,0
86938000,2025-05-24T11:46:27.938,0,0,696,0,0,0,2,0,0,0,0,3,0,0,0,0,Piccola Classic,IPT(TSM)-D,,,8,,,Single,,,,,,,,,30,Agitating,10,Diluent - Starch:99.90%;Lubricant - Magnesium Stearate:0.10%,418.0,86938000,2025-05-24 11:46:27.938,11:46:27.938000,0,0,696,0,3,0
86940000,2025-05-24T11:46:27.940,0,0,889,0,0,0,2,0,0,0,0,3,0,0,0,0,Piccola Classic,IPT(TSM)-D,,,8,,,Single,,,,,,,,,30,Agitating,10,Diluent - Starch:99.90%;Lubricant - Magnesium Stearate:0.10%,420.0,86940000,2025-05-24 11:46:27.940,11:46:27.940000,0,0,889,0,3,0
86942000,2025-05-24T11:46:27.942,0,0,718,0,0,0,2,0,0,0,0,3,0,0,0,0,Piccola Classic,IPT(TSM)-D,,,8,,,Single,,,,,,,,,30,Agitating,10,Diluent - Starch:99.90%;Lubricant - Magnesium Stearate:0.10%,422.0,86942000,2025-05-24 11:46:27.942,11:46:27.942000,0,0,718,0,3,0
86944000,2025-05-24T11:46:27.944,0,0,709,0,0,0,2,0,0,0,0,3,0,0,0,0,Piccola Classic,IPT(TSM)-D,,,8,,,Single,,,,,,,,,30,Agitating,10,Diluent - Starch:99.90%;Lubricant - Magnesium Stearate:0.10%,424.0,86944000,2025-05-24 11:46:27.944,11:46:27.944000,0,0,709,0,3,0
86946000,2025-05-24T11:46:27.946,0,0,737,0,0,0,2,0,0,0,0,3,0,0,0,0,Piccola Classic,IPT(TSM)-D,,,8,,,Single,,,,,,,,,30,Agitating,10,Diluent - Starch:99.90%;Lubricant - Magnesium Stearate:0.10%,426.0,86946000,2025-05-24 11:46:27.946,11:46:27.946000,0,0,737,0,3,0
86948000,2025-05-24T11:46:27.948,0,0,771,0,0,0,2,0,0,0,0,3,0,0,0,0,Piccola Classic,IPT(TSM)-D,,,8,,,Single,,,,,,,,,30,Agitating,10,Diluent - Starch:99.90%;Lubricant - Magnesium Stearate:0.10%,428.0,86948000,2025-05-24 11:46:27.948,11:46:27.948000,0,0,771,0,3,0
86950000,2025-05-24T11:46:27.950,0,0,605,0,0,0,2,0,0,0,0,3,0,0,0,0,Piccola Classic,IPT(TSM)-D,,,8,,,Single,,,,,,,,,30,Agitating,10,Diluent - Starch:99.90%;Lubricant - Magnesium Stearate:0.10%,430.0,86950000,2025-05-24 11:46:27.950,11:46:27.950000,0,0,605,0,3,0
86952000,2025-05-24T11:46:27.952,0,0,623,0,0,0,2,0,0,0,0,3,0,0,0,0,Piccola Classic,IPT(TSM)-D,,,8,,,Single,,,,,,,,,30,Agitating,10,Diluent - Starch:99.90%;Lubricant - Magnesium Stearate:0.10%,432.0,86952000,2025-05-24 11:46:27.952,11:46:27.952000,0,0,623,0,3,0
86954000,2025-05-24T11:46:27.954,0,0,606,0,0,0,2,0,0,0,0,3,0,0,0,0,Piccola Classic,IPT(TSM)-D,,,8,,,Single,,,,,,,,,30,Agitating,10,Diluent - Starch:99.90%;Lubricant - Magnesium Stearate:0.10%,434.0,86954000,2025-05-24 11:46:27.954,11:46:27.954000,0,0,606,0,3,0
86956000,2025-05-24T11:46:27.956,0,0,709,0,0,0,2,0,0,0,0,3,0,0,0,0,Piccola Classic,IPT(TSM)-D,,,8,,,Single,,,,,,,,,30,Agitating,10,Diluent - Starch:99.90%;Lubricant - Magnesium Stearate:0.10%,436.0,86956000,2025-05-24 11:46:27.956,11:46:27.956000,0,0,709,0,3,0
86958000,2025-05-24T11:46:27.958,0,0,736,0,0,0,2,0,0,0,0,3,0,0,0,0,Piccola Classic,IPT(TSM)-D,,,8,,,Single,,,,,,,,,30,Agitating,10,Diluent - Starch:99.90%;Lubricant - Magnesium Stearate:0.10%,438.0,86958000,2025-05-24 11:46:27.958,11:46:27.958000,0,0,736,0,3,0
86960000,2025-05-24T11:46:27.960,0,0,642,0,0,0,2,0,0,0,0,3,0,0,0,0,Piccola Classic,IPT(TSM)-D,,,8,,,Single,,,,,,,,,30,Agitating,10,Diluent - Starch:99.90%;Lubricant - Magnesium Stearate:0.10%,440.0,86960000,2025-05-24 11:46:27.960,11:46:27.960000,0,0,642,0,3,0
86962000,2025-05-24T11:46:27.962,0,0,797,0,0,0,2,0,0,0,0,3,0,0,0,0,Piccola Classic,IPT(TSM)-D,,,8,,,Single,,,,,,,,,30,Agitating,10,Diluent - Starch:99.90%;Lubricant - Magnesium Stearate:0.10%,442.0,86962000,2025-05-24 11:46:27.962,11:46:27.962000,0,0,797,0,3,0
86964000,2025-05-24T11:46:27.964,0,0,898,0,0,0,2,0,0,0,0,3,0,0,0,0,Piccola Classic,IPT(TSM)-D,,,8,,,Single,,,,,,,,,30,Agitating,10,Diluent - Starch:99.90%;Lubricant - Magnesium Stearate:0.10%,444.0,86964000,2025-05-24 11:46:27.964,11:46:27.964000,0,0,898,0,3,0
86966000,2025-05-24T11:46:27.966,0,0,900,0,0,0,2,0,0,0,0,3,0,0,0,0,Piccola Classic,IPT(TSM)-D,,,8,,,Single,,,,,,,,,30,Agitating,10,Diluent - Starch:99.90%;Lubricant - Magnesium Stearate:0.10%,446.0,86966000,2025-05-24 11:46:27.966,11:46:27.966000,0,0,900,0,3,0
86968000,2025-05-24T11:46:27.968,0,0,896,0,0,0,2,0,0,0,0,3,0,0,0,0,Piccola Classic,IPT(TSM)-D,,,8,,,Single,,,,,,,,,30,Agitating,10,Diluent - Starch:99.90%;Lubricant - Magnesium Stearate:0.10%,448.0,86968000,2025-05-24 11:46:27.968,11:46:27.968000,0,0,896,0,3,0
86970000,2025-05-24T11:46:27.970,0,0,770,0,0,0,2,0,0,0,0,3,0,0,0,0,Piccola Classic,IPT(TSM)-D,,,8,,,Single,,,,,,,,,30,Agitating,10,Diluent - Starch:99.90%;Lubricant - Magnesium Stearate:0.10%,450.0,86970000,2025-05-24 11:46:27.970,11:46:27.970000,0,0,770,0,3,0
86972000,2025-05-24T11:46:27.972,0,0,729,0,0,0,2,0,0,0,0,3,0,0,0,0,Piccola Classic,IPT(TSM)-D,,,8,,,Single,,,,,,,,,30,Agitating,10,Diluent - Starch:99.90%;Lubricant - Magnesium Stearate:0.10%,452.0,86972000,2025-05-24 11:46:27.972,11:46:27.972000,0,0,729,0,3,0
86974000,2025-05-24T11:46:27.974,0,0,718,0,0,0,2,0,0,0,0,3,0,0,0,0,Piccola Classic,IPT(TSM)-D,,,8,,,Single,,,,,,,,,30,Agitating,10,Diluent - Starch:99.90%;Lubricant - Magnesium Stearate:0.10%,454.0,86974000,2025-05-24 11:46:27.974,11:46:27.974000,0,0,718,0,3,0
86976000,2025-05-24T11:46:27.976,0,0,783,0,0,0,2,0,0,0,0,3,0,0,0,0,Piccola Classic,IPT(TSM)-D,,,8,,,Single,,,,,,,,,30,Agitating,10,Diluent - Starch:99.90%;Lubricant - Magnesium Stearate:0.10%,456.0,86976000,2025-05-24 11:46:27.976,11:46:27.976000,0,0,783,0,3,0
86978000,2025-05-24T11:46:27.978,0,0,633,0,0,0,2,0,0,0,0,3,0,0,0,0,Piccola Classic,IPT(TSM)-D,,,8,,,Single,,,,,,,,,30,Agitating,10,Diluent - Starch:99.90%;Lubricant - Magnesium Stearate:0.10%,458.0,86978000,2025-05-24 11:46:27.978,11:46:27.978000,0,0,633,0,3,0
86980000,2025-05-24T11:46:27.980,0,0,667,0,0,0,2,0,0,0,0,3,0,0,0,0,Piccola Classic,IPT(TSM)-D,,,8,,,Single,,,,,,,,,30,Agitating,10,Diluent - Starch:99.90%;Lubricant - Magnesium Stearate:0.10%,460.0,86980000,2025-05-24 11:46:27.980,11:46:27.980000,0,0,667,0,3,0
86982000,2025-05-24T11:46:27.982,0,0,686,0,0,0,2,0,0,0,0,3,0,0,0,0,Piccola Classic,IPT(TSM)-D,,,8,,,Single,,,,,,,,,30,Agitating,10,Diluent - Starch:99.90%;Lubricant - Magnesium Stearate:0.10%,462.0,86982000,2025-05-24 11:46:27.982,11:46:27.982000,0,0,686,0,3,0
86984000,2025-05-24T11:46:27.984,0,0,627,0,0,0,2,0,0,0,0,3,0,0,0,0,Piccola Classic,IPT(TSM)-D,,,8,,,Single,,,,,,,,,30,Agitating,10,Diluent - Starch:99.90%;Lubricant - Magnesium Stearate:0.10%,464.0,86984000,2025-05-24 11:46:27.984,11:46:27.984000,0,0,627,0,3,0
86986000,2025-05-24T11:46:27.986,0,0,834,0,0,0,2,0,0,0,0,3,0,0,0,0,Piccola Classic,IPT(TSM)-D,,,8,,,Single,,,,,,,,,30,Agitating,10,Diluent - Starch:99.90%;Lubricant - Magnesium Stearate:0.10%,466.0,86986000,2025-05-24 11:46:27.986,11:46:27.986000,0,0,834,0,3,0
86988000,2025-05-24T11:46:27.988,0,0,751,0,0,0,2,0,0,0,0,3,0,0,0,0,Piccola Classic,IPT(TSM)-D,,,8,,,Single,,,,,,,,,30,Agitating,10,Diluent - Starch:99.90%;Lubricant - Magnesium Stearate:0.10%,468.0,86988000,2025-05-24 11:46:27.988,11:46:27.988000,0,0,751,0,3,0
86990000,2025-05-24T11:46:27.990,0,0,869,0,0,0,2,0,0,0,0,3,0,0,0,0,Piccola Classic,IPT(TSM)-D,,,8,,,Single,,,,,,,,,30,Agitating,10,Diluent - Starch:99.90%;Lubricant - Magnesium Stearate:0.10%,470.0,86990000,2025-05-24 11:46:27.990,11:46:27.990000,0,0,869,0,3,0
86992000,2025-05-24T11:46:27.992,0,0,840,0,0,0,2,0,0,0,0,3,0,0,0,0,Piccola Classic,IPT(TSM)-D,,,8,,,Single,,,,,,,,,30,Agitating,10,Diluent - Starch:99.90%;Lubricant - Magnesium Stearate:0.10%,472.0,86992000,2025-05-24 11:46:27.992,11:46:27.992000,0,0,840,0,3,0
86994000,2025-05-24T11:46:27.994,0,0,684,0,0,0,2,0,0,0,0,3,0,0,0,0,Piccola Classic,IPT(TSM)-D,,,8,,,Single,,,,,,,,,30,Agitating,10,Diluent - Starch:99.90%;Lubricant - Magnesium Stearate:0.10%,474.0,86994000,2025-05-24 11:46:27.994,11:46:27.994000,0,0,684,0,3,0
86996000,2025-05-24T11:46:27.996,0,0,838,0,0,0,2,0,0,0,0,3,0,0,0,0,Piccola Classic,IPT(TSM)-D,,,8,,,Single,,,,,,,,,30,Agitating,10,Diluent - Starch:99.90%;Lubricant - Magnesium Stearate:0.10%,476.0,86996000,2025-05-24 11:46:27.996,11:46:27.996000,0,0,838,0,3,0
86998000,2025-05-24T11:46:27.998,0,0,716,0,0,0,2,0,0,0,0,3,0,0,0,0,Piccola Classic,IPT(TSM)-D,,,8,,,Single,,,,,,,,,30,Agitating,10,Diluent - Starch:99.90%;Lubricant - Magnesium Stearate:0.10%,478.0,86998000,2025-05-24 11:46:27.998,11:46:27.998000,0,0,716,0,3,0
